,ar,bg,bn,ca,ckb,cs,cy,da,de,el,en,es,et,eu,fa,fi,fr,gu,hi,ht,hu,in,is,it,iw,ja,ka,kn,ko,lt,lv,ml,mr,my,ne,nl,no,or,pa,pl,ps,pt,ro,ru,si,sl,sr,sv,ta,te,th,tl,tr,uk,und,ur,vi,zh,unique_users,row_count,text_duplicated_count,date,ar_dupl,bg_dupl,bn_dupl,ca_dupl,ckb_dupl,cs_dupl,cy_dupl,da_dupl,de_dupl,el_dupl,en_dupl,es_dupl,et_dupl,eu_dupl,fa_dupl,fi_dupl,fr_dupl,gu_dupl,hi_dupl,ht_dupl,hu_dupl,in_dupl,is_dupl,it_dupl,iw_dupl,ja_dupl,ka_dupl,kn_dupl,ko_dupl,lt_dupl,lv_dupl,ml_dupl,mr_dupl,my_dupl,ne_dupl,nl_dupl,no_dupl,or_dupl,pa_dupl,pl_dupl,ps_dupl,pt_dupl,ro_dupl,ru_dupl,si_dupl,sl_dupl,sr_dupl,sv_dupl,ta_dupl,te_dupl,th_dupl,tl_dupl,tr_dupl,uk_dupl,und_dupl,ur_dupl,vi_dupl,zh_dupl,am,am_dupl,hy,sd,hy_dupl,sd_dupl,km,km_dupl,dv,dv_dupl,lo,lo_dupl,ug,ug_dupl
0,82,36,40,54,1.0,64,6.0,60,2672,92,17138,1393,59,52,33,129,1782,24,165,55,3.0,215,24.0,1626,37,301,14.0,33,46,33,31,2.0,3.0,2.0,4.0,191,28,2.0,5.0,205,4.0,224,101,959,2.0,32,23.0,110,54,28.0,69,45,294,2418,3245,61,81,242,14353,34734,194,2023-01-31,0,0,0,0,0.0,9,0.0,0,9,0,68,7,0,0,0,0,0,0,0,0,0.0,1,0.0,14,0,4,0.0,0,0,0,0,0.0,0.0,0.0,0.0,1,0,0.0,0.0,0,0.0,0,1,0,0.0,0,0.0,0,0,0.0,0,0,1,0,66,0,2,11,0.0,0.0,0.0,0.0,0.0,0.0,0.0,0.0,0.0,0.0,0.0,0.0,0.0,0.0
1,117,41,50,109,1.0,110,28.0,82,3478,105,25624,1600,116,46,66,105,2054,62,282,74,11.0,322,14.0,1207,49,368,36.0,26,32,25,39,8.0,14.0,0.0,8.0,207,46,4.0,8.0,294,1.0,236,120,1051,1.0,34,25.0,115,101,33.0,58,61,280,2609,4382,95,102,91,19162,46266,896,2023-01-06,0,0,0,1,0.0,0,1.0,0,19,0,642,10,2,0,0,1,8,0,1,0,0.0,1,0.0,0,0,7,0.0,0,0,1,0,0.0,0.0,0.0,0.0,0,0,0.0,0.0,1,0.0,3,0,2,0.0,0,0.0,0,0,0.0,0,0,1,0,195,0,0,0,3.0,0.0,0.0,0.0,0.0,0.0,0.0,0.0,0.0,0.0,0.0,0.0,0.0,0.0
2,24,4,1,16,0.0,37,0.0,5,210,56,5042,3109,10,10,8,15,584,11,125,7,0.0,66,0.0,1479,9,36,4.0,2,5,5,3,1.0,0.0,0.0,0.0,70,1,0.0,0.0,85,0.0,53,22,374,0.0,4,4.0,6,2,2.0,33,2,246,1792,750,118,22,29,7942,14499,8379,2023-06-01,10,0,0,0,0.0,9,0.0,0,69,15,3218,2752,0,4,0,8,481,0,80,0,0.0,7,0.0,1148,4,4,0.0,0,0,0,0,0.0,0.0,0.0,0.0,31,0,0.0,0.0,34,0.0,19,5,22,0.0,0,0.0,1,0,0.0,2,0,136,9,188,103,3,17,0.0,0.0,0.0,0.0,0.0,0.0,0.0,0.0,0.0,0.0,0.0,0.0,0.0,0.0
3,71,54,58,87,0.0,104,15.0,87,3914,129,22934,1622,107,44,61,155,2171,30,237,64,4.0,244,24.0,1571,55,291,23.0,27,32,39,27,10.0,4.0,1.0,1.0,269,36,4.0,7.0,379,2.0,274,97,1157,0.0,27,38.0,121,62,27.0,78,65,291,2504,3962,88,101,174,17426,44068,506,2023-01-19,0,0,0,0,0.0,9,0.0,0,11,0,315,4,0,0,1,1,1,0,0,0,0.0,0,0.0,1,0,8,0.0,0,0,0,0,0.0,0.0,0.0,0.0,0,0,0.0,0.0,0,0.0,9,1,0,0.0,0,0.0,0,0,0.0,0,0,0,2,113,0,1,29,5.0,0.0,2.0,1.0,0.0,0.0,0.0,0.0,0.0,0.0,0.0,0.0,0.0,0.0
4,354,43,36,280,0.0,154,22.0,74,8725,282,82962,8070,105,57,28,206,8808,51,422,71,6.0,391,19.0,5519,50,530,17.0,37,54,37,59,11.0,9.0,14.0,9.0,434,49,9.0,18.0,530,2.0,1804,196,2000,3.0,27,27.0,176,75,56.0,395,93,324,3090,6161,119,150,180,65487,133446,88069,2023-02-28,197,2,0,155,0.0,74,11.0,8,5411,148,59051,6014,16,9,7,27,6781,2,131,7,0.0,114,1.0,3882,0,178,0.0,10,5,0,20,0.0,0.0,8.0,0.0,205,1,2.0,0.0,254,0.0,1426,83,949,0.0,0,0.0,60,12,10.0,293,22,104,665,1575,46,43,42,11.0,8.0,0.0,0.0,0.0,0.0,5.0,0.0,0.0,0.0,0.0,0.0,0.0,0.0
5,121,39,46,107,1.0,100,11.0,77,7870,291,66096,6285,129,46,51,291,7374,50,340,61,14.0,297,26.0,3971,53,375,18.0,32,85,35,32,7.0,8.0,3.0,3.0,246,36,6.0,9.0,354,4.0,808,189,1453,1.0,41,36.0,248,60,29.0,67,79,334,2522,4911,85,203,123,48926,106192,72813,2023-04-08,41,9,2,36,0.0,49,1.0,15,5989,193,47279,5226,49,4,9,145,6050,2,121,2,5.0,80,0.0,3058,0,180,0.0,3,8,3,7,0.0,0.0,1.0,0.0,88,6,0.0,1.0,199,2.0,453,102,754,0.0,3,0.0,162,10,0.0,19,32,191,722,1379,36,68,19,0.0,0.0,0.0,2.0,0.0,0.0,1.0,0.0,0.0,0.0,0.0,0.0,0.0,0.0
6,161,43,43,128,0.0,183,17.0,87,7597,350,82356,7824,163,62,141,347,8780,23,434,57,26.0,444,21.0,5565,36,655,27.0,28,86,40,94,5.0,11.0,3.0,6.0,464,41,5.0,7.0,408,3.0,552,953,1795,1.0,62,38.0,135,60,32.0,148,70,457,3099,6226,100,185,139,63160,130839,86654,2023-03-27,56,7,4,37,0.0,103,4.0,18,5451,184,57129,6165,58,4,91,90,7073,0,207,4,2.0,96,0.0,4297,0,350,0.0,0,16,2,53,1.0,2.0,1.0,1.0,248,3,0.0,0.0,182,2.0,286,808,715,0.0,26,2.0,29,6,0.0,67,6,134,913,1615,30,46,23,11.0,7.0,1.0,2.0,0.0,0.0,2.0,0.0,0.0,0.0,0.0,0.0,0.0,0.0
7,467,59,46,246,0.0,166,25.0,97,5962,223,72090,6529,299,53,53,432,9234,48,656,107,14.0,353,24.0,6152,41,960,20.0,64,54,45,71,10.0,19.0,13.0,6.0,359,74,6.0,4.0,459,56.0,451,293,1594,1.0,83,28.0,145,51,32.0,155,105,603,3771,6430,588,179,180,56183,120293,79642,2023-03-10,106,15,1,143,0.0,89,9.0,20,3878,130,50178,5126,194,4,15,215,7256,7,382,26,0.0,67,1.0,4881,0,685,3.0,28,10,3,28,0.0,2.0,11.0,0.0,165,26,1.0,0.0,234,27.0,209,178,577,0.0,54,3.0,50,5,1.0,87,28,286,1509,2220,332,71,66,0.0,0.0,0.0,2.0,0.0,0.0,5.0,0.0,1.0,0.0,0.0,0.0,0.0,0.0
8,21,16,10,14,0.0,32,0.0,16,133,83,4838,7905,30,22,15,16,1946,6,31,16,4.0,54,5.0,2293,11,47,13.0,5,7,9,3,0.0,0.0,0.0,0.0,52,6,0.0,0.0,32,0.0,76,34,395,0.0,6,11.0,29,14,12.0,27,8,46,1557,485,7,58,21,12015,20488,14001,2023-05-30,5,0,0,7,0.0,10,0.0,1,37,38,3073,7027,3,8,2,0,1767,0,14,0,0.0,6,0.0,1799,0,0,0.0,0,0,0,0,0.0,0.0,0.0,0.0,17,0,0.0,0.0,11,0.0,16,10,15,0.0,1,0.0,5,0,2.0,8,0,10,19,71,0,9,0,11.0,10.0,0.0,0.0,0.0,0.0,0.0,0.0,0.0,0.0,0.0,0.0,0.0,0.0
9,328,51,37,459,0.0,128,9.0,87,3211,579,57347,17606,123,44,43,72,9531,50,189,53,12.0,505,24.0,10475,73,243,26.0,35,36,31,29,1.0,6.0,0.0,2.0,5911,46,0.0,0.0,309,3.0,509,318,2203,0.0,69,49.0,88,32,39.0,152,41,390,7047,5063,150,450,111,43905,124425,77426,2023-05-05,192,5,0,316,0.0,31,0.0,11,2201,269,33399,15068,3,7,2,13,8254,9,86,2,3.0,89,0.0,8449,6,45,1.0,1,0,0,0,0.0,3.0,0.0,0.0,5092,1,0.0,0.0,140,2.0,260,188,327,0.0,27,0.0,15,3,0.0,47,0,135,276,2187,121,118,22,0.0,0.0,0.0,0.0,0.0,0.0,0.0,0.0,0.0,0.0,0.0,0.0,0.0,0.0
10,184,33,38,137,0.0,216,8.0,113,6125,312,65425,9036,141,47,49,154,7618,31,218,60,27.0,313,25.0,5367,49,822,22.0,39,88,32,34,5.0,9.0,34.0,3.0,308,44,4.0,5.0,429,3.0,993,159,1867,0.0,38,25.0,105,61,24.0,85,58,268,2279,6008,64,156,201,52002,110001,70280,2023-04-17,68,10,0,56,0.0,143,0.0,36,4336,166,42556,7364,29,0,14,63,6180,2,64,3,13.0,39,0.0,4260,0,602,3.0,1,11,0,8,0.0,1.0,31.0,0.0,132,6,1.0,0.0,274,0.0,451,46,984,0.0,4,1.0,18,3,0.0,24,9,128,571,1434,20,73,41,0.0,0.0,3.0,0.0,1.0,0.0,0.0,0.0,0.0,0.0,0.0,0.0,0.0,0.0
11,78,27,27,78,0.0,56,9.0,70,1223,90,20287,9763,68,41,47,32,2726,20,71,59,18.0,183,19.0,2098,33,151,15.0,18,43,23,21,4.0,2.0,0.0,3.0,153,25,1.0,3.0,112,0.0,277,120,937,0.0,24,17.0,46,30,23.0,52,32,145,1708,2424,33,141,60,19770,43767,16966,2023-04-20,3,0,0,30,0.0,15,0.0,2,168,17,4679,8354,0,0,2,1,1695,0,1,3,13.0,4,0.0,1391,1,3,0.0,0,0,0,0,0.0,0.0,0.0,0.0,38,0,0.0,0.0,30,0.0,78,30,120,0.0,3,0.0,0,1,0.0,13,5,18,7,200,3,36,2,0.0,0.0,1.0,0.0,0.0,0.0,0.0,0.0,0.0,0.0,0.0,0.0,0.0,0.0
12,174,29,34,147,1.0,222,18.0,77,7145,267,72626,7687,144,58,96,242,10547,49,333,75,29.0,495,23.0,3713,66,617,18.0,21,125,43,114,7.0,9.0,1.0,8.0,294,63,4.0,10.0,656,1.0,499,186,2037,1.0,51,24.0,144,73,27.0,283,74,917,3275,7057,117,225,144,59705,121433,79138,2023-04-13,51,0,1,44,0.0,126,9.0,14,5029,141,48697,5917,38,3,34,117,9045,4,142,8,15.0,150,0.0,2711,4,380,0.0,0,13,11,70,1.0,1.0,1.0,4.0,84,7,0.0,0.0,454,0.0,234,72,912,0.0,19,1.0,45,17,0.0,207,9,587,1082,2456,45,112,13,3.0,0.0,1.0,5.0,0.0,1.0,2.0,0.0,0.0,0.0,0.0,0.0,0.0,0.0
13,118,22,30,76,1.0,53,4.0,39,1162,188,19336,6348,76,34,43,31,2274,28,96,62,5.0,226,21.0,2526,28,110,22.0,15,29,21,17,1.0,1.0,5.0,0.0,133,25,1.0,9.0,157,0.0,199,112,980,1.0,21,14.0,33,26,18.0,58,19,165,1540,2621,45,135,46,18776,39407,13478,2023-04-24,23,1,0,14,0.0,9,1.0,0,141,73,4261,5395,12,0,0,3,1152,0,2,11,0.0,7,0.0,1764,0,2,0.0,0,0,1,0,0.0,0.0,4.0,0.0,30,0,0.0,0.0,59,0.0,49,35,128,0.0,0,0.0,0,0,0.0,7,0,22,8,226,7,31,0,1.0,0.0,0.0,0.0,0.0,0.0,0.0,0.0,0.0,0.0,0.0,0.0,0.0,0.0
14,121,42,47,52,0.0,94,11.0,67,2572,86,19280,1139,72,49,50,104,1793,34,216,63,13.0,226,22.0,1401,56,308,23.0,23,50,38,30,4.0,6.0,3.0,0.0,257,55,0.0,2.0,208,4.0,327,70,1030,1.0,14,27.0,105,37,26.0,85,50,298,2102,3904,117,64,188,15780,37071,256,2023-02-04,0,0,0,0,0.0,7,0.0,0,16,0,112,4,0,0,0,0,2,0,0,0,0.0,0,0.0,12,0,7,0.0,0,0,0,0,0.0,0.0,0.0,0.0,1,12,0.0,0.0,0,0.0,0,1,0,0.0,0,0.0,1,0,0.0,0,0,0,0,81,0,0,0,1.0,0.0,0.0,1.0,0.0,0.0,3.0,0.0,0.0,0.0,0.0,0.0,0.0,0.0
15,39,19,9,71,0.0,60,1.0,19,445,54,10806,9559,23,18,9,124,1371,4,405,30,1.0,105,5.0,3721,12,44,8.0,12,13,9,11,0.0,0.0,0.0,4.0,989,7,0.0,0.0,53,0.0,150,65,683,0.0,9,11.0,24,5,13.0,26,11,75,1636,1131,5,122,31,15638,32057,17872,2023-05-03,16,0,0,42,0.0,10,0.0,3,194,14,4118,8183,0,3,0,62,1006,0,364,4,0.0,10,0.0,2867,1,5,0.0,0,4,0,0,0.0,0.0,0.0,1.0,429,0,0.0,0.0,19,0.0,82,14,139,0.0,2,0.0,1,0,0.0,4,0,17,11,217,0,24,6,0.0,0.0,0.0,0.0,0.0,0.0,0.0,0.0,0.0,0.0,0.0,0.0,0.0,0.0
16,593,42,66,209,0.0,148,31.0,94,7880,394,92989,7614,156,44,123,256,16722,42,666,90,37.0,593,19.0,9150,52,865,23.0,30,116,60,84,12.0,18.0,51.0,10.0,588,49,8.0,4.0,974,17.0,536,342,2126,1.0,42,35.0,155,67,39.0,570,136,858,3117,8453,395,234,516,78679,158566,104173,2023-03-23,193,2,2,96,0.0,64,9.0,29,5318,199,63059,5466,33,0,29,57,14109,4,221,4,25.0,84,2.0,7262,4,394,0.0,1,20,21,48,1.0,4.0,40.0,5.0,358,3,3.0,0.0,746,4.0,214,156,1074,0.0,6,1.0,34,5,0.0,388,31,347,925,2834,72,75,76,17.0,16.0,1.0,2.0,0.0,0.0,5.0,0.0,0.0,0.0,0.0,0.0,0.0,0.0
17,250,51,67,154,0.0,221,19.0,79,7392,305,83394,7877,265,49,71,171,10362,63,504,115,14.0,351,22.0,6275,55,1018,14.0,36,74,49,77,15.0,18.0,4.0,4.0,320,97,2.0,11.0,530,1.0,531,240,1980,1.0,56,32.0,136,96,29.0,179,156,435,3432,7042,122,217,124,65534,135218,83963,2023-03-14,82,7,5,37,0.0,129,6.0,11,4936,158,53355,5863,132,4,16,47,8318,9,214,26,1.0,57,0.0,4680,0,690,0.0,1,11,12,50,1.0,1.0,1.0,0.0,110,45,0.0,0.0,318,1.0,245,123,795,0.0,17,1.0,24,31,0.0,80,22,152,822,2175,35,79,23,7.0,5.0,1.0,0.0,0.0,0.0,6.0,0.0,0.0,0.0,0.0,0.0,0.0,0.0
18,273,19,30,60,0.0,81,116.0,43,3815,138,42334,6078,113,40,38,86,5981,40,191,55,10.0,343,24.0,3227,45,373,24.0,20,23,24,27,1.0,1.0,7.0,0.0,233,27,0.0,0.0,213,3.0,301,201,842,1.0,35,19.0,84,38,30.0,66,41,283,690,2570,294,134,86,35236,69875,49931,2023-06-05,155,0,2,13,0.0,52,109.0,5,2689,68,31636,5149,15,2,4,43,4931,5,83,0,5.0,108,0.0,2466,1,211,0.0,0,4,3,0,0.0,0.0,3.0,0.0,103,1,0.0,0.0,96,1.0,145,111,128,0.0,8,2.0,14,7,1.0,31,6,114,370,758,224,27,21,4.0,1.0,0.0,0.0,0.0,0.0,0.0,0.0,0.0,0.0,0.0,0.0,0.0,0.0
19,135,35,50,108,3.0,75,15.0,79,1943,126,25219,1623,149,49,65,115,2395,48,429,83,15.0,342,30.0,1143,63,715,24.0,26,41,35,36,10.0,36.0,3.0,10.0,196,38,9.0,14.0,159,2.0,249,137,1088,4.0,34,29.0,90,114,43.0,148,87,273,2671,5374,107,90,127,20609,46359,377,2023-01-02,0,0,0,0,0.0,0,0.0,0,6,1,113,4,0,0,0,0,1,1,2,0,0.0,0,0.0,14,0,8,0.0,0,0,0,0,0.0,0.0,0.0,0.0,0,0,0.0,0.0,0,0.0,0,0,0,0.0,0,0.0,0,1,0.0,0,0,1,0,225,0,0,0,2.0,0.0,0.0,1.0,0.0,0.0,0.0,0.0,0.0,0.0,0.0,0.0,0.0,0.0
20,4130,47,49,146,0.0,123,15.0,94,3067,140,28071,5951,147,61,88,161,2172,42,498,100,6.0,628,29.0,2088,48,384,26.0,26,43,45,47,9.0,15.0,2.0,28.0,357,69,6.0,2.0,339,5.0,473,108,1210,2.0,33,28.0,143,32,34.0,1030,831,463,2917,9117,409,119,173,32489,66431,1454,2023-01-15,635,0,0,0,0.0,0,0.0,0,5,0,256,6,1,0,0,0,5,0,0,1,0.0,0,0.0,3,0,18,0.0,0,0,0,0,0.0,0.0,0.0,0.0,0,0,0.0,0.0,0,0.0,1,0,0,0.0,0,0.0,0,0,0.0,3,1,0,0,489,0,0,30,3.0,0.0,1.0,0.0,0.0,0.0,0.0,0.0,0.0,0.0,1.0,0.0,0.0,0.0
21,120,38,33,99,2.0,100,9.0,85,5023,102,19330,1478,88,43,58,143,2075,39,233,52,6.0,251,20.0,1329,45,284,25.0,26,37,42,37,1.0,11.0,1.0,4.0,244,36,2.0,2.0,356,1.0,221,80,1129,0.0,36,25.0,126,51,23.0,75,40,455,2452,3796,82,89,92,16576,40683,262,2023-01-22,1,0,0,0,0.0,8,1.0,1,20,0,115,5,0,0,0,1,3,0,1,3,0.0,0,0.0,1,0,8,0.0,0,0,0,0,0.0,0.0,0.0,0.0,0,0,0.0,0.0,1,0.0,2,1,0,0.0,0,0.0,0,0,0.0,0,0,1,0,89,0,0,0,1.0,0.0,0.0,0.0,0.0,0.0,0.0,0.0,0.0,0.0,0.0,0.0,0.0,0.0
22,159,36,24,368,0.0,107,12.0,43,1755,456,37241,23750,74,76,30,53,43794,29,298,52,17.0,347,28.0,10126,46,229,20.0,20,18,30,29,1.0,6.0,0.0,4.0,615,24,10.0,0.0,248,2.0,641,205,1589,0.0,27,34.0,70,40,29.0,102,37,970,5456,2934,39,165,101,49998,132618,97877,2023-05-18,61,3,0,261,0.0,60,1.0,9,1126,238,21609,21242,1,31,2,6,41947,1,165,6,11.0,39,0.0,8105,2,21,0.0,0,1,2,0,0.0,2.0,0.0,1.0,372,2,2.0,0.0,115,1.0,434,86,139,0.0,3,0.0,16,5,0.0,56,2,626,36,955,5,53,16,1.0,0.0,0.0,1.0,0.0,0.0,0.0,0.0,0.0,0.0,0.0,0.0,0.0,0.0
23,1207,27,32,143,0.0,97,15.0,59,5358,313,52617,14236,111,48,45,71,6204,29,263,97,11.0,431,31.0,12992,53,598,26.0,29,36,36,26,4.0,11.0,9.0,6.0,457,53,1.0,6.0,208,9.0,571,173,818,1.0,36,20.0,88,42,14.0,146,128,2072,864,4689,524,166,80,54402,106447,63195,2023-06-12,376,8,1,57,0.0,56,6.0,8,3053,51,35375,11972,23,2,2,9,4372,1,113,23,0.0,45,0.0,2915,1,112,0.0,0,4,0,0,0.0,1.0,5.0,0.0,122,14,0.0,0.0,70,3.0,161,60,142,0.0,15,2.0,26,3,0.0,38,72,1352,499,1615,365,36,8,1.0,0.0,3.0,2.0,1.0,0.0,4.0,0.0,0.0,0.0,0.0,0.0,0.0,0.0
24,44,13,14,44,0.0,36,2.0,14,273,71,10766,5104,32,42,12,18,2144,5,65,36,1.0,299,9.0,3277,13,83,8.0,9,10,6,12,0.0,0.0,0.0,0.0,106,11,0.0,0.0,87,0.0,161,83,393,0.0,6,10.0,15,10,6.0,30,4,70,1656,790,34,107,35,14200,26077,16535,2023-05-23,21,0,0,28,0.0,13,0.0,0,130,26,6438,4404,2,24,5,4,1894,0,38,19,0.0,206,0.0,2696,0,7,0.0,0,0,0,1,0.0,0.0,0.0,0.0,57,0,0.0,0.0,43,0.0,75,47,9,0.0,0,1.0,2,0,0.0,9,0,44,14,229,29,20,0,1.0,0.0,0.0,0.0,0.0,0.0,0.0,0.0,0.0,0.0,0.0,0.0,0.0,0.0
25,274,48,69,262,1.0,148,17.0,204,13502,403,88046,9174,173,45,187,167,15050,49,615,66,17.0,359,20.0,6394,60,756,21.0,38,29,27,67,2.0,6.0,4.0,6.0,990,46,4.0,5.0,760,1.0,549,232,2323,2.0,60,32.0,220,68,39.0,290,94,483,3866,7664,139,126,181,72273,154484,105539,2023-03-03,120,8,2,159,1.0,63,3.0,127,10152,252,62049,7114,56,0,132,39,12681,5,346,8,9.0,100,0.0,4783,5,383,0.0,1,5,0,38,0.0,0.0,4.0,1.0,753,8,1.0,0.0,445,1.0,241,99,1045,0.0,16,0.0,117,18,9.0,206,21,263,1138,2400,50,32,30,2.0,0.0,0.0,0.0,0.0,0.0,2.0,0.0,0.0,0.0,0.0,0.0,0.0,0.0
26,62,17,12,49,0.0,34,4.0,15,866,162,14748,5676,28,13,7,17,7180,8,17,36,5.0,105,11.0,12669,13,61,10.0,7,13,8,10,0.0,1.0,0.0,0.0,857,15,0.0,0.0,143,0.0,289,110,469,0.0,7,10.0,28,7,7.0,21,11,87,1531,1240,7,133,25,23308,46861,34086,2023-05-14,38,1,0,23,0.0,10,1.0,2,574,81,9252,5072,0,0,0,1,6377,1,5,14,1.0,10,4.0,10853,0,16,0.0,0,1,0,0,0.0,0.0,0.0,0.0,722,0,0.0,0.0,87,0.0,208,85,49,0.0,0,0.0,6,0,0.0,0,1,25,8,513,2,40,3,0.0,0.0,0.0,0.0,0.0,0.0,0.0,0.0,0.0,0.0,0.0,0.0,0.0,0.0
27,56,20,20,76,0.0,94,3.0,30,778,64,22894,7953,72,37,17,29,2037,14,57,39,1.0,207,16.0,4451,23,60,16.0,23,35,18,14,1.0,0.0,0.0,0.0,107,22,0.0,0.0,122,0.0,282,151,1027,0.0,30,17.0,34,11,12.0,86,23,146,3222,1745,17,209,61,17532,46479,24069,2023-05-01,18,0,0,31,0.0,31,0.0,1,356,31,10725,6742,0,4,0,3,1551,0,18,1,0.0,29,1.0,3406,0,4,0.0,0,8,0,0,0.0,0.0,0.0,0.0,31,0,0.0,0.0,68,0.0,138,66,60,0.0,9,0.0,4,0,1.0,19,0,55,10,595,0,45,8,0.0,0.0,0.0,0.0,0.0,0.0,0.0,0.0,0.0,0.0,0.0,0.0,0.0,0.0
28,167,37,56,110,0.0,98,14.0,85,2900,138,24295,1847,115,51,69,159,2253,41,290,88,13.0,275,20.0,3906,54,363,23.0,25,36,35,37,10.0,11.0,0.0,3.0,267,41,1.0,5.0,298,6.0,473,142,1189,2.0,31,40.0,79,70,37.0,52,80,416,2335,5036,86,100,87,20656,48500,410,2023-02-13,1,0,0,1,0.0,9,0.0,0,3,0,197,8,0,0,0,0,6,0,2,0,0.0,0,0.0,6,0,6,0.0,0,0,0,0,0.0,0.0,0.0,0.0,0,0,0.0,0.0,0,0.0,0,2,0,0.0,0,0.0,0,0,0.0,0,0,1,0,168,0,0,0,1.0,0.0,0.0,1.0,0.0,0.0,0.0,0.0,0.0,0.0,0.0,0.0,1.0,0.0
29,313,31,49,224,0.0,173,19.0,83,10983,331,90156,8125,172,48,299,2770,7505,68,630,94,112.0,426,17.0,6627,48,747,21.0,23,96,26,103,12.0,27.0,4.0,6.0,563,97,13.0,5.0,1071,4.0,721,162,1578,4.0,45,30.0,306,98,29.0,171,126,3750,2243,7635,191,113,214,77694,149541,92676,2023-04-04,115,4,1,114,0.0,76,7.0,15,7709,152,59441,5813,14,4,239,1087,5628,4,157,3,80.0,27,0.0,4344,2,292,0.0,0,14,0,46,0.0,1.0,2.0,1.0,303,19,0.0,0.0,678,1.0,278,34,729,0.0,10,1.0,101,11,0.0,92,9,2665,398,1844,35,30,46,0.0,0.0,1.0,0.0,0.0,0.0,3.0,0.0,0.0,0.0,0.0,0.0,0.0,0.0
30,358,89,106,412,5.0,407,32.0,249,10212,267,59612,6795,204,83,164,691,7520,88,858,106,49.0,760,32.0,4982,74,1131,34.0,51,62,56,207,44.0,23.0,9.0,17.0,646,132,23.0,9.0,960,8.0,1277,256,1527,5.0,62,42.0,276,143,69.0,255,191,800,3582,18550,508,94,335,60366,125563,1300,2023-02-24,0,0,0,1,0.0,8,0.0,0,17,0,240,21,0,0,7,0,8,0,1,0,0.0,2,0.0,13,6,5,0.0,0,0,0,0,0.0,0.0,0.0,0.0,0,0,0.0,0.0,2,0.0,4,1,2,0.0,0,0.0,0,0,0.0,0,0,9,3,948,0,0,2,14.0,0.0,1.0,0.0,0.0,0.0,9.0,0.0,0.0,0.0,0.0,0.0,0.0,0.0
31,338,41,78,151,0.0,96,18.0,77,3667,148,28895,1963,126,53,95,201,3049,38,315,112,8.0,441,22.0,1685,63,392,21.0,28,63,38,38,4.0,10.0,0.0,2.0,330,53,12.0,10.0,285,3.0,373,120,1142,3.0,33,29.0,116,57,40.0,72,73,350,2486,5817,416,55,100,22633,54259,431,2023-02-17,10,0,1,1,0.0,9,2.0,0,7,0,187,6,0,0,0,1,11,0,0,0,0.0,2,0.0,9,0,8,0.0,0,0,0,0,0.0,0.0,0.0,0.0,0,0,0.0,0.0,0,0.0,1,2,4,0.0,0,0.0,0,0,0.0,0,0,0,6,163,0,0,1,1.0,0.0,4.0,0.0,0.0,0.0,3.0,0.0,0.0,0.0,0.0,0.0,0.0,0.0
32,335,64,71,598,2.0,192,22.0,94,10542,445,112417,11062,150,59,918,645,11060,81,635,102,27.0,556,22.0,11752,67,1010,24.0,47,113,48,60,12.0,36.0,15.0,6.0,766,68,27.0,13.0,720,5.0,665,977,2531,5.0,64,28.0,370,142,42.0,435,117,1944,2860,8562,90,180,342,89289,184253,123798,2023-03-18,162,15,12,458,0.0,63,3.0,15,7666,255,76512,8546,26,8,845,379,8839,16,347,8,15.0,72,0.0,9598,8,514,2.0,1,14,4,25,1.0,6.0,11.0,0.0,349,14,8.0,4.0,417,2.0,308,849,1669,3.0,33,0.0,192,48,2.0,354,16,1257,1020,2566,34,61,139,8.0,6.0,1.0,0.0,1.0,0.0,2.0,0.0,0.0,0.0,0.0,0.0,0.0,0.0
33,290,37,75,167,0.0,154,21.0,138,4976,183,46578,3638,191,76,177,356,4302,77,589,102,14.0,433,28.0,3784,59,435,31.0,39,46,35,63,21.0,27.0,7.0,10.0,542,71,8.0,8.0,991,6.0,507,167,1343,2.0,38,32.0,148,102,38.0,153,83,729,2684,8306,212,128,372,36613,83844,611,2023-02-20,0,0,0,2,0.0,13,0.0,0,11,0,273,12,0,0,3,0,15,0,1,0,0.0,0,0.0,43,0,9,0.0,0,0,0,0,0.0,0.0,0.0,0.0,0,0,0.0,0.0,0,0.0,1,1,6,0.0,0,0.0,0,0,0.0,0,0,2,0,219,0,0,0,6.0,0.0,2.0,1.0,0.0,0.0,6.0,0.0,0.0,0.0,0.0,0.0,0.0,0.0
34,233,136,49,188,0.0,287,43.0,113,9896,267,89312,8832,154,69,582,264,10013,26,393,105,16.0,541,27.0,6772,58,800,60.0,28,64,76,45,10.0,10.0,3.0,3.0,766,81,1.0,5.0,1862,6.0,529,372,2338,4.0,60,32.0,129,61,46.0,645,85,871,3974,13277,274,112,188,73000,155202,102229,2023-03-07,76,53,1,93,0.0,160,19.0,21,6548,138,62314,6843,40,11,484,91,7392,0,177,19,1.0,129,0.0,5039,6,375,4.0,0,3,32,19,1.0,2.0,1.0,0.0,481,34,0.0,0.0,1546,3.0,189,257,1250,1.0,20,5.0,13,16,2.0,478,15,491,1424,5715,88,33,74,3.0,2.0,1.0,1.0,0.0,0.0,4.0,0.0,0.0,0.0,0.0,0.0,0.0,0.0
35,9,9,4,9,0.0,31,0.0,4,66,26,1734,1435,11,7,3,6,484,3,7,9,2.0,31,2.0,480,4,31,4.0,3,3,5,4,0.0,0.0,0.0,0.0,16,2,0.0,0.0,28,0.0,44,45,386,0.0,3,4.0,9,2,0.0,39,5,21,1547,293,6,10,6,3615,6892,3236,2023-05-27,0,0,0,3,0.0,9,0.0,0,13,10,1020,1254,0,0,0,1,436,0,3,0,2.0,7,0.0,369,0,0,0.0,0,0,0,0,0.0,0.0,0.0,0.0,4,0,0.0,0.0,9,0.0,7,31,8,0.0,0,0.0,1,0,0.0,2,0,1,0,44,2,0,0,0.0,0.0,0.0,0.0,0.0,0.0,0.0,0.0,0.0,0.0,0.0,0.0,0.0,0.0
36,150,42,51,163,0.0,87,12.0,89,3278,122,31737,2323,116,48,58,151,3330,37,232,88,14.0,332,29.0,14801,55,316,27.0,23,60,55,45,9.0,16.0,1.0,4.0,490,57,0.0,5.0,389,2.0,503,99,1209,1.0,29,37.0,105,60,31.0,93,92,182,2498,5166,87,90,97,32660,69225,774,2023-02-08,3,0,0,2,0.0,7,0.0,0,3,0,547,9,1,0,0,0,14,0,0,0,0.0,0,0.0,23,0,4,0.0,0,0,0,0,0.0,0.0,0.0,0.0,4,0,0.0,0.0,0,0.0,0,4,0,0.0,0,0.0,0,0,0.0,0,0,0,0,153,0,0,0,2.0,0.0,0.0,0.0,0.0,0.0,0.0,0.0,0.0,0.0,0.0,0.0,0.0,0.0
37,42,13,10,40,0.0,51,3.0,11,329,103,8688,6035,29,23,5,21,1702,11,15,11,3.0,116,7.0,2426,16,35,12.0,4,15,10,13,0.0,0.0,0.0,0.0,37,8,0.0,0.0,71,0.0,113,58,609,0.0,12,10.0,21,6,7.0,22,12,41,1466,690,16,99,25,11487,23122,12958,2023-04-28,32,1,0,17,0.0,14,1.0,0,114,44,3633,5325,1,7,0,0,1385,3,1,0,3.0,25,1.0,1871,0,6,0.0,0,0,0,0,0.0,0.0,0.0,0.0,8,1,0.0,0.0,36,0.0,50,28,139,0.0,4,0.0,3,1,0.0,7,1,18,16,141,0,18,3,0.0,0.0,0.0,0.0,0.0,0.0,0.0,0.0,0.0,0.0,0.0,0.0,0.0,0.0
38,458,44,52,141,1.0,200,32.0,148,9429,240,112408,10294,407,59,184,659,13691,65,643,132,28.0,751,26.0,6270,48,715,34.0,27,199,53,153,20.0,19.0,8.0,7.0,518,2580,7.0,13.0,690,24.0,546,265,2770,6.0,70,32.0,202,89,32.0,171,99,1494,3274,10036,676,158,144,87618,181603,122533,2023-03-30,254,9,2,30,1.0,73,14.0,63,6703,147,78069,8137,277,3,118,104,11652,3,180,14,15.0,136,0.0,4834,1,345,3.0,0,78,4,119,0.0,2.0,5.0,0.0,261,2519,0.0,1.0,446,8.0,207,121,1822,4.0,19,2.0,72,11,0.0,49,14,807,1017,3346,308,32,27,52.0,45.0,2.0,2.0,0.0,0.0,6.0,0.0,0.0,0.0,0.0,0.0,0.0,0.0
39,34,9,12,149,0.0,21,7.0,6,1042,116,15789,5510,30,15,12,21,1440,10,16,23,2.0,109,8.0,2342,16,48,3.0,9,14,11,6,0.0,0.0,0.0,1.0,206,9,0.0,0.0,88,0.0,92,155,598,0.0,6,13.0,23,12,7.0,34,11,84,1699,1217,11,109,25,15550,31231,20356,2023-05-10,10,0,1,129,0.0,6,4.0,1,851,55,10132,4880,0,2,1,2,1212,0,4,0,0.0,27,0.0,1728,0,2,0.0,0,0,0,0,0.0,0.0,0.0,0.0,151,0,0.0,0.0,48,0.0,34,113,110,0.0,2,0.0,1,0,0.0,15,1,17,121,655,0,40,1,1.0,0.0,0.0,0.0,0.0,0.0,0.0,0.0,0.0,0.0,0.0,0.0,0.0,0.0
40,92,44,41,72,1.0,69,14.0,91,2512,125,23183,2154,121,56,61,146,2092,33,139,65,15.0,245,19.0,1601,52,254,26.0,18,47,32,29,4.0,4.0,2.0,2.0,249,47,0.0,17.0,348,2.0,235,107,1084,2.0,28,28.0,106,81,38.0,77,59,294,2421,3924,65,140,109,16734,42926,271,2023-01-11,0,0,0,0,0.0,0,0.0,0,7,0,137,8,1,0,0,2,0,0,0,0,0.0,0,0.0,9,0,8,0.0,0,0,0,0,0.0,0.0,0.0,0.0,0,0,0.0,0.0,0,0.0,0,0,2,0.0,0,0.0,0,0,0.0,0,0,1,26,70,0,0,0,0.0,0.0,2.0,2.0,0.0,0.0,0.0,0.0,0.0,0.0,0.0,0.0,0.0,0.0
41,134,41,46,111,1.0,109,18.0,91,5312,164,26730,2301,101,55,64,191,4301,32,188,71,14.0,292,25.0,3347,55,362,24.0,34,40,43,72,4.0,6.0,0.0,4.0,384,53,1.0,4.0,286,19.0,297,115,1205,1.0,27,26.0,149,57,21.0,110,89,380,2603,5007,128,52,121,23838,55526,437,2023-01-26,0,0,0,1,0.0,9,0.0,0,15,0,280,6,0,0,0,1,15,0,0,0,0.0,1,0.0,3,0,7,0.0,0,0,0,0,0.0,0.0,0.0,0.0,0,0,0.0,0.0,0,0.0,2,5,0,0.0,0,0.0,0,0,0.0,0,10,2,1,79,0,0,0,7.0,0.0,1.0,0.0,0.0,0.0,0.0,0.0,0.0,0.0,0.0,0.0,0.0,0.0
42,158,24,43,109,0.0,97,10.0,51,5179,210,65044,21569,127,40,67,77,5888,21,393,57,11.0,463,21.0,5449,36,333,27.0,34,84,21,34,7.0,4.0,8.0,3.0,368,31,1.0,1.0,187,2.0,425,127,763,0.0,36,21.0,106,49,19.0,55,71,1082,1703,5528,153,153,62,54476,116648,85959,2023-06-09,57,0,6,45,0.0,59,0.0,6,3589,99,49201,19860,53,2,16,12,4716,1,189,12,2.0,134,0.0,4410,3,133,0.0,1,55,1,0,0.0,0.0,3.0,0.0,173,5,0.0,0.0,48,1.0,203,33,142,0.0,11,1.0,30,5,0.0,17,21,480,547,1466,78,22,8,4.0,3.0,0.0,0.0,0.0,0.0,1.0,0.0,0.0,0.0,1.0,0.0,0.0,0.0
43,97,38,28,109,0.0,50,10.0,90,2474,108,21895,1652,105,56,50,142,1490,39,242,66,8.0,224,21.0,1256,48,296,25.0,33,45,39,38,1.0,2.0,2.0,3.0,159,42,2.0,14.0,234,3.0,215,92,997,0.0,28,41.0,109,49,21.0,36,59,209,2285,3717,84,87,114,15287,39381,1027,2023-01-09,0,0,0,1,0.0,0,0.0,0,5,0,853,22,0,0,0,0,0,0,0,0,0.0,0,0.0,3,0,10,0.0,0,0,0,0,0.0,0.0,0.0,0.0,0,0,0.0,0.0,0,0.0,1,0,0,0.0,0,0.0,0,0,0.0,0,0,0,0,132,0,0,0,1.0,0.0,0.0,1.0,0.0,0.0,0.0,0.0,0.0,0.0,0.0,0.0,0.0,0.0
44,130,55,20,41,1.0,178,11.0,29,4218,142,57586,5331,73,43,54,60,5930,26,89,176,9.0,196,22.0,3743,39,559,24.0,23,37,29,35,2.0,9.0,8.0,3.0,209,82,2.0,0.0,288,1.0,380,126,791,2.0,23,30.0,167,36,26.0,83,41,219,862,4484,308,184,64,43913,87340,66295,2023-06-11,57,24,0,14,0.0,125,8.0,2,3015,59,46605,4605,19,5,3,8,4959,1,31,116,1.0,13,0.0,3010,2,330,0.0,0,5,0,5,0.0,1.0,8.0,0.0,68,50,0.0,0.0,160,0.0,203,64,306,0.0,0,1.0,126,4,2.0,34,22,92,444,1408,247,30,3,0.0,0.0,0.0,0.0,0.0,0.0,1.0,0.0,0.0,0.0,0.0,0.0,0.0,0.0
45,335,47,46,134,0.0,104,9.0,90,2781,147,24426,2445,110,51,259,214,2549,28,241,81,14.0,339,32.0,1766,52,451,24.0,19,55,38,31,7.0,1.0,0.0,6.0,273,55,2.0,13.0,423,3.0,1379,106,1270,1.0,44,32.0,125,45,27.0,135,56,486,2540,5866,161,78,99,23197,50154,442,2023-01-16,1,0,0,0,0.0,0,1.0,0,2,0,142,6,0,0,2,1,3,0,0,0,0.0,4,0.0,6,0,9,0.0,0,0,0,0,0.0,0.0,0.0,0.0,0,0,0.0,0.0,0,0.0,1,0,0,0.0,0,0.0,0,0,0.0,0,0,0,0,264,0,0,0,1.0,0.0,1.0,1.0,0.0,0.0,0.0,0.0,0.0,0.0,0.0,0.0,0.0,0.0
46,76,36,66,82,0.0,99,4.0,109,6378,118,21515,1324,97,48,57,156,2007,41,236,53,4.0,305,26.0,1420,52,322,28.0,28,37,29,40,2.0,13.0,2.0,3.0,446,42,4.0,2.0,323,5.0,214,111,1193,1.0,25,36.0,172,37,26.0,72,60,1781,2336,4999,138,72,82,19934,46996,440,2023-01-21,4,0,0,0,0.0,9,0.0,0,17,0,148,5,2,0,0,0,1,0,0,0,0.0,1,0.0,6,0,5,0.0,0,0,0,0,0.0,0.0,0.0,0.0,34,0,0.0,0.0,0,0.0,2,1,4,0.0,0,0.0,0,0,0.0,0,0,32,2,167,0,0,0,5.0,0.0,0.0,1.0,0.0,0.0,0.0,0.0,0.0,0.0,0.0,0.0,0.0,0.0
47,134,30,60,102,0.0,100,12.0,96,4222,162,27441,1994,134,59,47,182,3596,38,225,66,14.0,400,32.0,2083,52,292,30.0,30,50,48,30,2.0,6.0,0.0,4.0,410,47,0.0,9.0,363,2.0,374,138,1288,2.0,30,37.0,113,43,31.0,114,71,459,2860,6089,152,75,117,23301,54599,798,2023-02-10,3,0,0,3,0.0,8,0.0,2,9,0,463,4,1,0,0,1,4,0,0,0,0.0,0,0.0,3,0,6,0.0,0,0,0,0,0.0,0.0,0.0,0.0,2,0,0.0,0.0,0,0.0,4,1,2,0.0,0,0.0,0,0,0.0,0,0,0,0,282,0,0,0,1.0,0.0,0.0,0.0,0.0,0.0,1.0,0.0,0.0,0.0,0.0,0.0,0.0,0.0
48,75,18,20,66,0.0,133,7.0,34,2734,144,31367,7190,49,30,8,38,3314,9,46,38,4.0,184,13.0,6082,32,98,15.0,7,23,15,19,0.0,0.0,0.0,2.0,326,22,0.0,0.0,277,0.0,239,238,1179,0.0,27,21.0,55,11,19.0,61,24,271,3520,2012,14,253,55,24528,60438,38571,2023-05-11,24,2,0,16,0.0,86,3.0,2,2276,70,21048,5857,0,0,1,16,2638,0,8,12,0.0,16,0.0,4517,0,21,0.0,0,0,0,1,0.0,0.0,0.0,0.0,200,0,0.0,0.0,173,0.0,103,168,231,0.0,2,0.0,6,0,0.0,18,0,106,37,809,0,99,5,0.0,0.0,0.0,0.0,0.0,0.0,0.0,0.0,0.0,0.0,0.0,0.0,0.0,0.0
49,269,42,52,164,6.0,238,9.0,66,9580,286,74452,7901,125,58,162,239,9080,59,472,62,10.0,365,25.0,6545,53,699,22.0,34,86,42,47,19.0,19.0,9.0,10.0,371,49,10.0,14.0,343,20.0,562,288,1833,1.0,96,33.0,109,107,55.0,125,78,328,3025,6178,132,171,153,58285,125399,78332,2023-03-28,73,2,1,60,4.0,156,0.0,19,6845,156,47469,6188,21,4,112,73,6773,1,189,1,3.0,47,0.0,5248,0,352,0.0,2,10,4,10,0.0,1.0,8.0,3.0,172,5,0.0,0.0,146,5.0,254,174,866,0.0,60,1.0,15,26,1.0,53,5,108,862,1643,33,47,20,2.0,1.0,0.0,1.0,0.0,0.0,7.0,0.0,1.0,0.0,0.0,0.0,0.0,0.0
50,313,46,67,306,0.0,244,44.0,135,14637,425,178131,10772,182,55,66,277,17063,70,648,75,16.0,377,21.0,8279,55,838,21.0,44,101,35,74,17.0,7.0,16.0,3.0,659,51,4.0,13.0,1171,10.0,866,236,2030,3.0,44,27.0,379,98,38.0,495,101,688,3492,9704,229,157,292,97227,254308,192867,2023-02-27,109,9,3,150,0.0,140,18.0,29,10095,274,144247,8060,71,5,17,97,14149,7,337,2,7.0,77,0.0,6549,9,432,0.0,0,31,2,32,0.0,0.0,10.0,0.0,325,13,0.0,0.0,807,4.0,347,126,787,1.0,2,0.0,253,12,7.0,375,10,352,880,3261,127,47,117,50.0,46.0,2.0,0.0,0.0,0.0,8.0,0.0,0.0,0.0,0.0,0.0,1.0,0.0
51,213,43,54,177,0.0,133,15.0,94,8971,312,75090,7666,187,48,60,265,8286,60,478,85,13.0,394,19.0,4319,49,711,24.0,25,105,46,36,10.0,20.0,5.0,8.0,416,57,4.0,6.0,631,2.0,971,222,1598,3.0,41,30.0,135,94,30.0,158,90,570,2733,5528,261,220,377,59367,122202,79074,2023-04-07,72,11,7,73,0.0,70,4.0,15,6701,167,50427,6026,88,0,7,98,6490,1,186,3,4.0,81,0.0,3165,0,322,0.0,0,9,0,9,0.0,4.0,0.0,2.0,200,20,0.0,0.0,416,0.0,629,93,690,0.0,7,0.0,38,16,1.0,67,19,317,597,1617,124,59,122,0.0,0.0,0.0,2.0,0.0,0.0,2.0,0.0,0.0,0.0,0.0,0.0,0.0,0.0
52,43,24,10,94,0.0,70,3.0,32,427,119,17643,7434,47,21,15,20,1509,10,25,27,1.0,196,16.0,4061,21,84,14.0,11,24,9,9,1.0,0.0,0.0,1.0,66,15,0.0,0.0,145,0.0,182,103,1016,0.0,14,15.0,35,17,23.0,81,15,125,2785,1189,20,141,60,14675,38068,19300,2023-04-29,11,0,0,47,0.0,26,0.0,5,131,65,7376,6397,0,5,0,0,1071,0,1,1,1.0,39,1.0,3260,0,4,0.0,0,1,0,1,0.0,0.0,0.0,0.0,10,0,0.0,0.0,61,0.0,86,30,223,0.0,0,0.0,3,0,1.0,46,0,43,38,284,2,27,3,0.0,0.0,0.0,0.0,0.0,0.0,0.0,0.0,0.0,0.0,0.0,0.0,0.0,0.0
53,155,35,30,121,0.0,152,4.0,73,4693,232,54687,9734,100,42,57,201,6466,41,209,52,16.0,290,21.0,3880,51,962,14.0,26,95,28,36,7.0,2.0,12.0,5.0,282,41,1.0,4.0,445,1.0,689,203,1442,0.0,53,27.0,123,59,24.0,81,67,292,2111,5906,71,172,183,45650,94806,55111,2023-04-18,45,2,1,34,0.0,46,0.0,9,2968,96,31253,7971,9,6,7,80,5096,2,54,4,4.0,38,0.0,2818,4,751,0.0,0,6,0,11,0.0,0.0,10.0,0.0,124,9,0.0,0.0,263,0.0,272,64,635,0.0,19,1.0,41,8,0.0,19,5,76,447,1637,20,63,83,0.0,0.0,0.0,0.0,0.0,0.0,0.0,0.0,0.0,0.0,0.0,0.0,0.0,0.0
54,38,8,6,51,0.0,50,2.0,16,390,120,10318,4339,38,10,7,10,2735,8,36,22,3.0,90,5.0,3220,22,32,6.0,4,17,9,13,0.0,0.0,0.0,0.0,105,7,0.0,0.0,108,0.0,125,58,588,0.0,13,4.0,20,5,5.0,19,12,78,1849,829,16,89,41,12268,25596,14508,2023-05-17,9,1,0,25,0.0,11,0.0,1,181,60,4991,3675,2,2,0,1,2393,0,8,0,0.0,8,0.0,2579,2,8,0.0,0,1,0,0,0.0,0.0,0.0,0.0,47,1,0.0,0.0,55,0.0,53,29,40,0.0,3,0.0,1,0,0.0,1,5,23,3,268,1,19,1,0.0,0.0,0.0,0.0,0.0,0.0,0.0,0.0,0.0,0.0,0.0,0.0,0.0,0.0
55,37,14,13,63,0.0,32,3.0,16,211,56,8136,5977,21,36,11,21,1093,6,47,36,1.0,106,9.0,2428,10,57,11.0,9,13,10,9,0.0,0.0,0.0,3.0,80,4,0.0,0.0,40,0.0,110,71,465,0.0,9,4.0,22,7,7.0,27,10,61,1799,640,14,59,30,11195,21954,13105,2023-05-24,13,0,1,28,0.0,9,0.0,7,72,25,4415,5272,1,27,0,6,898,0,25,8,0.0,23,0.0,1895,0,4,0.0,0,0,0,0,0.0,0.0,0.0,1.0,32,1,0.0,0.0,14,0.0,45,29,46,0.0,1,0.0,4,0,0.0,5,1,15,10,153,7,12,0,0.0,0.0,0.0,0.0,0.0,0.0,0.0,0.0,0.0,0.0,0.0,0.0,0.0,0.0
56,250,48,50,171,0.0,128,29.0,88,10101,270,83047,7753,132,66,67,258,12122,41,458,70,12.0,420,30.0,5127,46,648,24.0,39,41,41,91,4.0,10.0,10.0,0.0,632,90,3.0,8.0,606,4.0,451,277,1968,0.0,27,39.0,194,75,43.0,281,111,487,3114,7360,131,151,107,63644,137869,94031,2023-03-04,100,8,3,76,0.0,56,16.0,22,7181,153,59567,6051,29,12,16,60,10055,3,256,5,2.0,100,4.0,3852,1,292,1.0,0,9,0,52,0.0,0.0,7.0,0.0,381,34,1.0,0.0,371,2.0,170,172,872,0.0,5,2.0,74,23,2.0,209,38,240,739,2601,59,40,6,8.0,1.0,0.0,1.0,0.0,0.0,9.0,0.0,0.0,0.0,0.0,0.0,0.0,0.0
57,69,15,12,28,0.0,39,5.0,18,640,60,17672,5861,33,18,14,16,2281,9,8,101,12.0,113,13.0,17841,14,83,5.0,7,14,9,7,1.0,0.0,0.0,0.0,207,14,0.0,0.0,268,0.0,231,130,685,0.0,15,12.0,40,8,6.0,15,8,153,2165,1720,15,157,36,22951,50904,35624,2023-05-13,41,0,0,8,0.0,16,0.0,2,444,17,11547,5140,1,4,2,2,1934,0,3,79,8.0,25,5.0,14667,0,16,0.0,0,0,0,0,0.0,0.0,0.0,0.0,103,2,0.0,0.0,196,0.0,134,91,123,0.0,2,0.0,12,0,0.0,1,0,26,51,837,0,81,4,1.0,0.0,0.0,0.0,0.0,0.0,0.0,0.0,0.0,0.0,0.0,0.0,0.0,0.0
58,162,38,68,105,1.0,102,18.0,87,3996,155,28372,1989,369,38,57,174,2430,47,246,77,16.0,285,26.0,1893,64,340,23.0,30,101,27,42,11.0,17.0,3.0,8.0,247,38,0.0,11.0,374,3.0,446,99,1227,4.0,43,30.0,102,79,33.0,73,96,266,2485,5359,131,89,111,21891,52769,603,2023-02-14,0,0,0,1,0.0,9,0.0,0,10,0,238,10,109,0,0,0,3,0,1,0,0.0,0,0.0,3,0,8,0.0,0,0,0,0,0.0,0.0,0.0,0.0,0,0,0.0,0.0,0,0.0,0,1,1,0.0,0,0.0,0,0,0.0,0,0,0,1,208,0,0,0,2.0,0.0,4.0,0.0,0.0,0.0,0.0,0.0,0.0,0.0,0.0,0.0,0.0,0.0
59,305,40,51,169,0.0,142,9.0,84,10323,283,71813,7782,117,52,79,396,6990,71,371,75,15.0,334,23.0,5716,45,487,25.0,30,110,33,63,9.0,21.0,13.0,4.0,465,68,0.0,20.0,759,3.0,527,191,1870,0.0,30,19.0,144,67,37.0,88,63,761,2397,6185,152,163,258,57132,120357,73783,2023-04-03,125,1,3,63,0.0,64,1.0,14,7594,109,44813,5860,5,0,5,48,5188,2,139,5,5.0,70,0.0,4348,5,172,0.0,0,15,2,35,0.0,1.0,6.0,0.0,226,9,0.0,0.0,465,0.0,235,72,1034,0.0,2,0.0,31,5,0.0,36,2,315,700,1824,53,44,30,6.0,2.0,1.0,0.0,0.0,0.0,3.0,0.0,0.0,0.0,0.0,0.0,0.0,0.0
60,235,40,71,216,0.0,169,20.0,165,5508,137,41880,3915,158,72,105,266,4342,75,471,76,23.0,382,26.0,3500,58,702,24.0,37,88,73,70,19.0,20.0,2.0,9.0,339,82,20.0,20.0,592,4.0,597,173,1273,1.0,42,24.0,168,93,56.0,377,190,469,3046,9307,199,130,389,35459,80560,779,2023-02-23,2,0,0,1,0.0,6,0.0,0,16,0,354,9,0,0,0,0,12,0,1,0,0.0,4,0.0,3,0,12,0.0,0,0,5,0,0.0,0.0,0.0,0.0,0,0,0.0,0.0,0,0.0,2,1,0,0.0,0,0.0,0,0,0.0,5,1,0,0,345,0,0,0,4.0,0.0,0.0,1.0,0.0,0.0,10.0,0.0,0.0,0.0,0.0,0.0,0.0,0.0
61,1060,46,28,89,5.0,74,9.0,97,2262,91,22439,1383,90,75,8259,145,1593,33,184,58,18.0,260,18.0,1413,45,259,26.0,24,50,30,32,1.0,7.0,1.0,5.0,210,46,3.0,8.0,265,1.0,202,102,1116,0.0,32,26.0,98,69,40.0,69,46,408,2415,6099,57,102,175,20315,51799,1997,2023-01-12,140,0,0,0,0.0,0,0.0,0,8,0,754,1,0,1,179,0,9,0,1,0,0.0,0,0.0,6,0,8,0.0,0,0,0,0,0.0,0.0,0.0,0.0,0,0,0.0,0.0,0,0.0,0,0,0,0.0,0,0.0,0,0,0.0,0,0,5,14,816,0,0,55,1.0,0.0,0.0,0.0,0.0,0.0,0.0,0.0,0.0,0.0,0.0,0.0,0.0,0.0
62,186,36,47,130,0.0,121,49.0,103,9977,191,32332,2887,108,64,61,333,4238,32,277,94,20.0,480,34.0,3156,52,510,38.0,32,38,48,53,5.0,6.0,1.0,7.0,529,49,5.0,4.0,542,24.0,442,121,1287,1.0,29,27.0,191,62,31.0,106,81,625,2906,6440,198,71,142,31642,69664,432,2023-01-25,0,0,0,0,0.0,10,1.0,0,56,0,188,7,0,0,0,0,14,0,0,0,0.0,0,0.0,13,0,9,0.0,0,0,0,0,0.0,0.0,0.0,0.0,0,0,0.0,0.0,0,0.0,0,1,0,0.0,0,0.0,0,0,0.0,0,0,0,1,117,3,0,12,3.0,0.0,0.0,1.0,0.0,0.0,0.0,0.0,0.0,0.0,0.0,0.0,1.0,0.0
63,10,3,5,9,0.0,30,0.0,1,102,43,2077,1360,6,6,5,12,1062,1,24,8,1.0,42,1.0,830,5,25,2.0,2,3,4,2,0.0,0.0,0.0,0.0,201,5,0.0,0.0,25,0.0,27,24,366,0.0,7,0.0,7,4,5.0,14,3,79,1471,344,31,8,11,4811,8313,4278,2023-06-02,3,0,0,4,0.0,12,0.0,0,6,23,1090,1164,1,3,1,3,1000,0,10,0,1.0,10,0.0,605,0,3,0.0,0,0,0,0,0.0,0.0,0.0,0.0,183,1,0.0,0.0,9,0.0,10,5,7,0.0,2,0.0,1,0,0.0,3,0,40,0,48,27,3,0,0.0,0.0,0.0,0.0,0.0,0.0,0.0,0.0,0.0,0.0,0.0,0.0,0.0,0.0
64,114,32,51,78,0.0,63,17.0,85,3153,133,24850,1880,103,53,66,137,2385,48,265,59,14.0,269,27.0,1208,69,353,28.0,34,42,38,30,7.0,6.0,0.0,5.0,219,62,5.0,8.0,251,0.0,280,106,1142,0.0,43,21.0,96,73,38.0,56,66,418,2444,3898,53,71,149,18623,45207,567,2023-01-05,0,0,0,0,0.0,0,0.0,0,2,0,305,4,0,0,0,0,4,0,4,0,0.0,10,0.0,5,0,8,0.0,0,0,0,0,0.0,0.0,0.0,0.0,0,0,0.0,0.0,0,0.0,1,0,0,0.0,0,0.0,0,0,0.0,0,0,5,0,188,0,0,31,1.0,0.0,3.0,2.0,0.0,0.0,0.0,0.0,0.0,0.0,0.0,0.0,0.0,0.0
65,216,37,46,132,0.0,175,6.0,97,6890,202,71399,6889,128,55,46,194,6232,48,223,68,17.0,353,24.0,3946,51,455,22.0,21,110,39,80,7.0,16.0,0.0,5.0,233,55,2.0,6.0,388,2.0,476,144,1598,0.0,36,40.0,118,47,36.0,180,59,746,3313,7050,60,141,158,55577,113123,71507,2023-04-14,83,6,0,35,0.0,101,0.0,37,4920,107,47107,5300,34,1,6,95,4889,1,40,1,6.0,94,0.0,2932,0,229,0.0,0,7,3,42,0.0,0.0,0.0,0.0,64,6,0.0,0.0,208,0.0,210,41,652,0.0,11,9.0,24,10,0.0,100,3,580,1270,2141,16,67,17,2.0,0.0,0.0,2.0,0.0,0.0,0.0,0.0,0.0,0.0,0.0,0.0,2.0,2.0
66,236,28,29,118,0.0,49,10.0,44,1119,162,22421,4362,102,32,40,40,1253,31,129,46,4.0,237,25.0,1987,33,175,18.0,20,21,31,18,2.0,1.0,0.0,1.0,114,17,0.0,5.0,177,1.0,290,128,790,2.0,25,21.0,52,41,25.0,32,33,167,1518,2996,42,145,75,18815,39521,11629,2023-04-23,51,2,0,63,0.0,12,0.0,0,125,69,5466,3198,14,0,3,0,433,0,2,0,0.0,4,0.0,1326,0,0,0.0,0,0,0,0,0.0,0.0,0.0,0.0,23,2,0.0,0.0,93,0.0,114,45,142,0.0,1,0.0,2,0,0.0,3,3,42,75,282,0,34,0,0.0,0.0,0.0,0.0,0.0,0.0,1.0,0.0,0.0,0.0,0.0,0.0,0.0,0.0
67,149,37,43,69,0.0,90,10.0,82,3619,113,22206,1434,90,63,39,147,2202,28,242,79,20.0,213,21.0,1519,40,296,17.0,29,39,41,42,2.0,5.0,1.0,5.0,408,37,1.0,1.0,267,2.0,241,109,1041,0.0,31,31.0,133,48,35.0,98,56,356,2427,3843,106,88,143,18128,42539,276,2023-02-03,1,0,0,0,0.0,8,0.0,0,24,0,137,4,0,0,0,1,1,0,0,0,0.0,0,0.0,7,0,8,0.0,0,0,1,0,0.0,0.0,0.0,0.0,0,0,0.0,0.0,0,0.0,1,1,0,0.0,0,0.0,2,0,0.0,0,0,4,1,74,0,0,1,2.0,0.0,3.0,0.0,0.0,0.0,0.0,0.0,0.0,0.0,0.0,0.0,0.0,0.0
68,24,4,7,37,0.0,46,4.0,12,511,34,9173,7509,28,6,15,16,997,15,129,13,3.0,123,5.0,3864,8,37,8.0,8,5,2,8,2.0,1.0,0.0,0.0,9410,8,1.0,0.0,93,0.0,99,43,499,0.0,24,8.0,19,9,11.0,27,9,121,1595,775,6,84,23,17545,35518,21744,2023-05-04,6,0,0,10,0.0,9,2.0,1,337,7,3258,6453,0,0,7,3,702,2,98,0,1.0,18,0.0,3091,0,12,0.0,0,1,0,0,0.0,0.0,0.0,0.0,7226,0,0.0,0.0,36,0.0,55,23,89,0.0,19,0.0,0,4,0.0,2,1,67,6,164,0,29,5,0.0,0.0,0.0,0.0,0.0,0.0,0.0,0.0,0.0,0.0,0.0,0.0,0.0,0.0
69,310,51,47,264,0.0,161,38.0,125,7220,349,94492,6651,158,60,113,213,19945,56,299,80,11.0,464,26.0,7152,77,733,23.0,29,70,42,73,8.0,8.0,33.0,10.0,422,70,1.0,9.0,595,17.0,587,298,1988,7.0,46,45.0,153,61,37.0,328,76,738,2857,6543,910,170,290,80346,155649,107559,2023-03-24,155,11,1,160,0.0,56,18.0,41,5075,205,67025,4857,34,12,66,43,17634,4,70,8,3.0,100,0.0,5651,12,358,0.0,0,5,13,50,1.0,1.0,23.0,6.0,232,19,0.0,0.0,417,9.0,265,176,974,2.0,13,0.0,37,4,0.0,202,12,433,755,1635,598,49,26,4.0,2.0,3.0,1.0,1.0,0.0,2.0,0.0,0.0,0.0,0.0,0.0,0.0,0.0
70,171,54,54,200,0.0,141,22.0,89,8065,430,79281,6769,435,49,62,206,10437,59,470,80,25.0,389,38.0,5128,61,674,23.0,34,56,40,65,14.0,4.0,4.0,4.0,278,78,5.0,12.0,493,7.0,451,395,2222,0.0,45,39.0,105,60,28.0,100,109,433,4212,7756,67,250,121,60220,130908,83589,2023-03-13,54,10,1,62,0.0,61,11.0,21,5779,224,52284,5135,277,2,25,70,8361,3,236,10,6.0,89,0.0,3815,3,369,4.0,1,20,1,34,0.0,0.0,2.0,0.0,108,39,0.0,3.0,281,5.0,206,279,1122,0.0,14,1.0,27,1,1.0,44,9,197,1284,2871,23,84,17,5.0,3.0,0.0,0.0,0.0,0.0,4.0,0.0,0.0,0.0,0.0,0.0,0.0,0.0
71,317,41,65,307,1.0,293,17.0,171,9640,415,134909,11801,130,48,84,282,11454,52,568,127,20.0,394,21.0,10978,80,636,18.0,40,83,62,65,18.0,61.0,34.0,6.0,729,131,5.0,8.0,698,2.0,814,396,2340,3.0,58,26.0,172,93,48.0,138,130,1216,2833,7993,196,223,661,81617,202188,144055,2023-03-20,100,7,7,155,0.0,199,2.0,81,6658,195,100708,9161,20,0,24,105,9168,4,191,30,9.0,54,0.0,8758,11,313,0.0,1,7,16,28,0.0,24.0,20.0,0.0,365,77,0.0,1.0,388,0.0,338,250,1341,0.0,14,0.0,61,11,7.0,40,44,685,819,3245,62,57,166,34.0,28.0,0.0,1.0,0.0,0.0,2.0,0.0,0.0,0.0,0.0,0.0,0.0,0.0
72,399,72,81,287,5.0,278,34.0,134,11152,446,119730,15203,257,57,1700,591,19309,54,550,73,19.0,470,21.0,10376,65,861,43.0,33,148,47,76,22.0,39.0,18.0,4.0,696,94,4.0,17.0,824,3.0,747,4014,2815,9.0,100,33.0,280,122,30.0,175,82,2129,3103,9486,322,184,319,105368,208257,137740,2023-03-17,162,33,5,137,0.0,159,13.0,29,7586,231,79984,11438,96,6,1599,22,15679,5,226,6,1.0,101,1.0,8093,14,279,5.0,1,13,1,35,0.0,9.0,5.0,0.0,399,16,0.0,2.0,498,1.0,245,3872,1712,2.0,69,2.0,87,45,1.0,78,6,1152,710,2621,132,32,77,9.0,5.0,1.0,2.0,1.0,1.0,3.0,0.0,0.0,0.0,0.0,0.0,0.0,0.0
73,296,34,42,90,0.0,84,14.0,86,3833,86,24839,1600,108,41,195,184,2492,40,283,80,11.0,300,24.0,1661,49,357,18.0,22,42,27,36,8.0,10.0,1.0,0.0,280,43,4.0,11.0,235,3.0,359,101,857,1.0,30,30.0,107,65,29.0,75,56,356,2224,5530,167,71,128,19821,47758,300,2023-02-18,18,0,0,0,0.0,9,0.0,0,2,0,129,2,1,0,0,0,3,0,2,0,0.0,0,0.0,10,0,7,0.0,0,0,0,0,0.0,0.0,0.0,0.0,0,0,0.0,0.0,1,0.0,0,1,0,0.0,0,0.0,0,0,0.0,0,0,2,2,111,0,0,0,0.0,0.0,0.0,0.0,0.0,0.0,3.0,0.0,0.0,0.0,0.0,0.0,0.0,0.0
74,224,41,36,252,0.0,157,14.0,69,6024,247,77940,6201,126,52,58,273,8251,70,376,73,19.0,348,33.0,4611,49,861,22.0,35,155,34,51,8.0,8.0,2.0,4.0,350,43,8.0,8.0,869,1.0,547,222,1764,1.0,27,21.0,120,65,29.0,100,60,383,2381,6066,97,216,139,55547,120251,82045,2023-04-10,105,4,3,174,0.0,90,3.0,13,4222,107,55870,4851,22,1,15,134,6734,6,116,7,12.0,94,1.0,3603,1,628,1.0,6,23,3,26,0.0,0.0,0.0,0.0,142,9,1.0,0.0,721,0.0,272,92,793,0.0,1,0.0,44,1,1.0,37,6,180,600,2137,26,93,10,9.0,4.0,0.0,1.0,0.0,0.0,0.0,0.0,0.0,0.0,0.0,0.0,0.0,0.0
75,110,92,31,196,0.0,101,23.0,83,2695,129,25275,2670,126,63,45,186,2041,48,208,120,21.0,364,18.0,34964,54,328,23.0,32,60,46,68,7.0,10.0,0.0,0.0,302,55,1.0,10.0,289,1.0,654,129,1231,0.0,39,30.0,140,53,38.0,67,115,240,2538,5105,51,83,162,37667,81571,472,2023-02-07,2,0,0,0,0.0,7,1.0,0,24,0,165,17,1,0,0,1,3,0,1,1,0.0,0,0.0,85,0,11,0.0,0,0,0,0,0.0,0.0,0.0,0.0,1,0,0.0,0.0,0,0.0,5,3,0,0.0,0,0.0,0,0,0.0,0,0,8,1,134,0,0,1,1.0,0.0,0.0,0.0,0.0,0.0,0.0,0.0,0.0,0.0,0.0,0.0,0.0,0.0
76,115,14,18,73,0.0,27,3.0,12,653,133,10363,3160,41,13,6,12,2021,10,21,21,1.0,126,11.0,3146,23,33,3.0,7,10,3,7,0.0,0.0,0.0,0.0,35,7,0.0,0.0,119,0.0,129,80,549,1.0,17,8.0,12,8,11.0,31,9,89,1482,1072,13,83,37,10513,23878,12549,2023-04-27,83,0,0,38,0.0,10,0.0,0,480,67,4413,2549,3,0,0,0,1806,0,5,0,1.0,34,0.0,2394,1,9,0.0,0,0,0,0,0.0,0.0,0.0,0.0,12,0,0.0,0.0,66,0.0,70,44,124,0.0,0,0.0,3,1,0.0,7,2,52,6,238,0,16,15,0.0,0.0,0.0,0.0,0.0,0.0,0.0,0.0,0.0,0.0,0.0,0.0,0.0,0.0
77,311,577,50,373,0.0,164,21.0,108,10454,219,110065,8069,131,58,320,200,8782,19,222,196,8.0,382,29.0,9173,59,1023,76.0,21,92,55,96,6.0,20.0,10.0,8.0,564,76,2.0,5.0,685,4.0,580,330,2356,3.0,38,26.0,152,62,43.0,212,176,646,3233,9214,168,167,198,78880,170358,118236,2023-03-08,99,533,0,239,0.0,76,2.0,20,7020,104,81130,6185,28,9,248,35,6630,0,32,123,0.0,70,0.0,7213,8,651,16.0,0,11,7,60,0.0,1.0,8.0,0.0,275,34,0.0,0.0,410,2.0,235,204,1262,0.0,8,1.0,33,5,0.0,114,56,343,771,3729,76,75,37,10.0,7.0,1.0,3.0,0.0,0.0,7.0,1.0,0.0,0.0,0.0,0.0,0.0,0.0
78,15,13,4,18,0.0,32,1.0,8,112,62,3327,3095,18,14,3,6,3230,8,18,15,0.0,51,5.0,2134,12,39,3.0,3,5,4,3,0.0,0.0,0.0,0.0,34,11,0.0,0.0,146,0.0,169,70,354,0.0,10,7.0,13,5,4.0,10,8,50,1631,487,5,56,20,9184,15348,10322,2023-05-28,1,0,0,1,0.0,15,0.0,2,29,19,2180,2770,2,6,0,0,3105,0,9,6,0.0,10,0.0,1797,0,1,0.0,0,0,0,0,0.0,0.0,0.0,0.0,6,0,0.0,0.0,123,0.0,16,46,12,0.0,3,0.0,4,0,0.0,0,1,20,12,99,0,26,1,0.0,0.0,0.0,0.0,0.0,0.0,0.0,0.0,0.0,0.0,0.0,0.0,0.0,0.0
79,194,49,37,99,0.0,132,18.0,86,2021,113,25339,1027,130,59,99,149,2239,42,471,77,9.0,314,20.0,1248,66,442,23.0,34,52,46,29,5.0,21.0,2.0,4.0,222,43,7.0,5.0,172,4.0,211,102,1012,2.0,31,31.0,83,66,41.0,74,75,216,2569,6376,129,91,153,21151,46415,584,2023-01-01,0,0,0,2,0.0,0,0.0,0,9,0,179,3,1,0,0,0,11,0,1,0,0.0,1,0.0,10,0,4,0.0,0,0,0,0,0.0,0.0,0.0,0.0,0,0,0.0,0.0,0,0.0,0,0,0,0.0,0,0.0,0,0,0.0,0,1,1,2,321,0,0,38,3.0,0.0,0.0,0.0,0.0,0.0,0.0,0.0,1.0,0.0,0.0,0.0,0.0,0.0
80,327,39,44,526,0.0,140,36.0,65,7223,204,70368,8385,512,27,53,152,7005,49,434,63,21.0,316,24.0,4200,35,377,24.0,22,24,33,34,4.0,10.0,1.0,4.0,659,53,4.0,0.0,264,1.0,477,377,1107,2.0,101,13.0,124,54,37.0,100,45,804,2052,10889,133,110,69,62630,118267,75772,2023-06-06,164,0,2,380,0.0,47,23.0,17,4720,79,48269,7093,453,6,14,25,5254,8,238,17,2.0,39,3.0,2995,0,145,1.0,1,4,3,3,0.0,2.0,1.0,0.0,311,19,0.0,0.0,86,0.0,222,193,156,0.0,63,0.0,29,13,4.0,50,7,491,674,3346,67,20,11,6.0,2.0,0.0,4.0,0.0,0.0,1.0,0.0,0.0,0.0,0.0,0.0,0.0,0.0
81,82,48,40,70,0.0,95,18.0,65,3676,77,19548,1077,79,45,43,211,2124,26,139,57,11.0,212,28.0,2005,49,222,15.0,38,44,49,35,2.0,8.0,1.0,7.0,288,39,4.0,3.0,254,1.0,198,83,933,1.0,19,36.0,140,44,25.0,57,48,313,2415,4453,61,81,218,15647,39961,318,2023-01-29,1,0,0,0,0.0,10,1.0,0,13,0,138,6,2,0,0,1,0,0,1,0,0.0,5,0.0,4,0,6,0.0,0,0,0,0,0.0,0.0,0.0,0.0,0,0,0.0,0.0,0,0.0,4,0,0,0.0,0,0.0,0,0,0.0,0,0,1,0,115,0,0,10,1.0,0.0,0.0,0.0,0.0,0.0,0.0,0.0,0.0,0.0,0.0,0.0,0.0,0.0
82,301,42,42,116,0.0,118,26.0,95,8273,288,85303,6176,174,45,87,330,9305,69,420,77,14.0,476,26.0,4856,48,677,19.0,38,126,37,56,13.0,21.0,8.0,7.0,282,168,3.0,9.0,553,5.0,561,219,2085,2.0,31,27.0,176,87,27.0,114,95,867,2781,7243,134,155,123,62989,133460,89964,2023-04-01,138,6,1,28,0.0,41,10.0,30,6081,155,60441,4774,39,6,29,115,7767,7,164,3,3.0,85,0.0,3940,0,331,0.0,0,20,4,33,0.0,1.0,5.0,0.0,87,127,1.0,1.0,346,3.0,200,114,1280,0.0,4,0.0,80,20,0.0,48,11,628,908,1746,57,26,18,2.0,2.0,0.0,0.0,0.0,0.0,2.0,0.0,0.0,0.0,0.0,0.0,0.0,0.0
83,1751,48,102,150,5.0,143,23.0,115,8212,157,49729,5356,162,61,127,318,5300,77,721,87,19.0,648,24.0,6032,53,2183,29.0,43,179,144,41,13.0,27.0,6.0,11.0,656,62,9.0,8.0,1495,50.0,897,181,1414,2.0,43,43.0,136,92,51.0,1114,119,2705,2311,9025,852,86,375,49224,103828,1050,2023-02-21,34,0,0,0,0.0,9,0.0,0,11,0,745,26,0,0,1,0,14,0,0,0,0.0,2,0.0,8,0,15,1.0,0,7,0,0,0.0,0.0,0.0,0.0,0,0,0.0,0.0,8,0.0,3,0,0,0.0,0,0.0,0,0,0.0,0,0,7,0,157,2,0,0,2.0,0.0,1.0,0.0,0.0,0.0,2.0,0.0,0.0,0.0,0.0,0.0,1.0,0.0
84,282,55,51,792,0.0,145,24.0,96,9442,401,111127,11282,128,66,200,291,11670,41,385,87,19.0,389,37.0,10137,78,803,19.0,32,79,43,73,8.0,19.0,8.0,6.0,542,73,6.0,20.0,1301,0.0,655,442,1609,3.0,52,29.0,217,81,24.0,111,92,1226,2887,7605,154,161,279,73204,175898,126707,2023-03-19,152,10,2,659,0.0,57,2.0,28,6613,226,83912,8190,31,0,139,141,9661,2,117,9,7.0,61,0.0,8361,23,408,0.0,0,11,2,38,0.0,8.0,5.0,1.0,292,11,1.0,9.0,1022,0.0,310,312,841,0.0,26,0.0,86,10,1.0,42,16,753,932,2971,45,51,96,5.0,3.0,0.0,0.0,0.0,0.0,8.0,1.0,0.0,0.0,0.0,0.0,1.0,0.0
85,130,46,58,104,0.0,110,8.0,77,3404,168,25563,1924,111,58,65,159,2197,48,330,81,8.0,340,27.0,1815,56,280,25.0,44,40,32,44,3.0,15.0,2.0,7.0,246,53,1.0,21.0,315,2.0,334,108,1137,4.0,25,25.0,105,70,47.0,57,78,406,2550,4968,330,54,89,22040,48411,425,2023-02-16,1,0,0,1,0.0,10,0.0,0,12,0,184,12,0,0,0,0,5,0,2,0,0.0,0,0.0,19,0,6,0.0,0,0,0,0,0.0,0.0,0.0,0.0,0,0,0.0,0.0,0,0.0,2,1,2,0.0,0,0.0,0,0,0.0,0,1,0,1,166,0,0,0,3.0,0.0,1.0,2.0,0.0,0.0,1.0,0.0,0.0,0.0,0.0,0.0,0.0,0.0
86,286,43,61,128,0.0,145,39.0,134,5905,171,75503,5669,177,47,127,776,6359,53,829,92,14.0,595,23.0,4812,50,654,29.0,39,314,39,59,17.0,28.0,15.0,12.0,280,404,6.0,12.0,342,6.0,424,201,1677,3.0,70,34.0,136,127,43.0,163,73,1290,3384,7840,395,184,174,61264,120532,65748,2023-03-31,123,7,2,29,0.0,53,22.0,71,3641,61,43662,3704,43,0,68,45,4652,2,434,1,2.0,85,0.0,3405,1,248,2.0,2,219,2,23,0.0,22.0,11.0,1.0,85,369,0.0,1.0,119,1.0,98,77,744,0.0,23,1.0,18,33,0.0,36,6,496,908,1839,163,36,34,18.0,17.0,1.0,0.0,1.0,0.0,1.0,0.0,0.0,0.0,0.0,0.0,0.0,0.0
87,719,49,83,119,8.0,139,23.0,114,3825,309,40364,2707,168,81,160,167,6235,93,917,183,22.0,1328,29.0,3394,56,847,28.0,37,70,36,47,28.0,38.0,1.0,10.0,642,59,18.0,19.0,429,11.0,486,139,1352,6.0,45,40.0,132,182,64.0,297,219,13614,2514,13107,745,98,139,51267,96802,1574,2023-02-09,3,0,0,1,0.0,8,0.0,0,4,0,826,8,1,0,0,0,18,0,7,0,0.0,5,0.0,2,0,8,0.0,0,0,0,0,0.0,0.0,0.0,0.0,0,1,0.0,0.0,0,0.0,3,0,1,0.0,0,0.0,1,0,0.0,0,10,208,1,458,0,0,0,4.0,0.0,1.0,4.0,0.0,0.0,1.0,0.0,0.0,0.0,1.0,0.0,0.0,0.0
88,19,16,7,30,0.0,40,0.0,7,222,34,6408,5017,28,32,9,17,2103,8,44,23,1.0,158,5.0,2410,13,37,7.0,10,11,4,9,0.0,0.0,0.0,0.0,51,10,0.0,1.0,67,0.0,226,62,480,0.0,12,1.0,11,10,6.0,25,13,47,1830,762,27,93,15,10821,20478,12340,2023-05-26,5,0,0,9,0.0,14,0.0,1,103,6,3477,4235,0,15,1,0,1947,0,15,0,0.0,87,0.0,1880,0,2,0.0,0,0,0,0,0.0,0.0,0.0,0.0,6,0,0.0,0.0,16,0.0,67,31,20,0.0,1,0.0,3,3,0.0,7,0,20,13,291,10,55,0,0.0,0.0,0.0,0.0,0.0,0.0,0.0,0.0,0.0,0.0,0.0,0.0,0.0,0.0
89,264,411,55,214,0.0,291,28.0,91,10001,343,89797,9219,200,51,158,221,9836,35,590,79,11.0,496,23.0,6362,55,629,24.0,22,52,40,87,16.0,22.0,4.0,1.0,638,241,7.0,8.0,1566,3.0,577,355,2069,2.0,76,26.0,128,76,29.0,222,99,866,5005,17738,257,164,255,74863,160146,102391,2023-03-06,111,147,6,38,0.0,160,6.0,18,6850,204,60116,7161,69,12,94,78,7722,1,318,2,3.0,109,0.0,4793,3,295,0.0,0,11,2,31,1.0,5.0,2.0,0.0,381,179,0.0,0.0,1257,0.0,289,238,922,0.0,44,2.0,24,23,1.0,150,11,433,1481,8388,83,33,83,5.0,1.0,0.0,0.0,0.0,0.0,6.0,0.0,0.0,0.0,0.0,0.0,0.0,0.0
90,129,36,47,139,0.0,113,3.0,50,7081,103,64050,26215,296,49,42,102,6951,35,290,83,17.0,396,24.0,6191,54,418,21.0,31,33,30,31,2.0,9.0,8.0,0.0,374,41,0.0,2.0,218,8.0,386,161,824,1.0,26,29.0,127,45,25.0,134,34,408,1413,6906,165,155,57,56652,124624,91843,2023-06-08,33,8,4,70,0.0,72,0.0,7,5040,32,47194,24229,208,5,10,25,5604,4,188,39,8.0,116,0.0,4882,6,234,0.0,0,1,5,3,0.0,0.0,3.0,0.0,129,9,0.0,0.0,54,6.0,170,62,149,0.0,0,0.0,48,4,1.0,89,1,214,839,1907,103,24,2,1.0,1.0,0.0,1.0,0.0,0.0,4.0,1.0,0.0,0.0,0.0,0.0,0.0,0.0
91,95,39,47,102,2.0,102,11.0,78,4385,141,23115,1979,96,53,63,142,3204,29,232,63,12.0,281,19.0,3518,43,289,29.0,28,44,39,42,8.0,5.0,3.0,4.0,284,53,14.0,7.0,293,0.0,268,112,1160,0.0,28,21.0,112,57,33.0,65,60,335,2173,4267,92,85,185,20766,48052,327,2023-01-27,0,0,0,0,0.0,9,0.0,0,17,0,146,3,1,0,0,2,6,0,1,0,0.0,0,0.0,5,0,5,0.0,0,0,0,0,0.0,0.0,0.0,0.0,0,0,0.0,0.0,0,0.0,3,1,0,0.0,0,0.0,0,0,0.0,0,0,11,0,93,0,0,24,6.0,0.0,0.0,0.0,0.0,0.0,0.0,0.0,0.0,0.0,0.0,0.0,0.0,0.0
92,122,50,51,94,1.0,66,21.0,98,2284,98,23359,1768,105,35,49,131,1748,48,213,72,14.0,254,20.0,1313,53,301,20.0,33,41,25,37,1.0,4.0,0.0,0.0,249,47,0.0,7.0,275,5.0,224,120,1000,5.0,27,33.0,110,56,26.0,66,66,243,2285,3861,66,100,178,15779,41582,411,2023-01-10,0,0,0,0,0.0,0,2.0,0,12,0,266,3,3,0,0,0,4,0,0,0,0.0,0,0.0,2,0,6,0.0,0,0,0,0,0.0,0.0,0.0,0.0,0,0,0.0,0.0,0,0.0,1,2,0,0.0,0,0.0,0,0,0.0,0,0,0,0,91,0,0,19,3.0,0.0,1.0,0.0,0.0,0.0,0.0,0.0,0.0,0.0,0.0,0.0,0.0,0.0
93,124,47,60,93,0.0,107,12.0,77,3987,131,21268,1521,86,36,55,198,2387,41,201,73,13.0,221,25.0,1763,38,391,21.0,26,37,42,26,4.0,10.0,2.0,2.0,230,56,4.0,8.0,338,2.0,250,99,1219,1.0,36,32.0,175,50,41.0,62,57,419,2532,4042,99,63,90,17990,43031,380,2023-01-23,2,0,0,0,0.0,10,0.0,0,7,0,202,7,0,0,1,5,11,0,0,11,0.0,1,0.0,1,0,7,0.0,0,0,0,0,0.0,0.0,0.0,0.0,0,0,0.0,0.0,0,0.0,5,1,0,0.0,0,0.0,0,0,0.0,0,0,1,0,108,0,0,0,1.0,0.0,0.0,0.0,0.0,0.0,0.0,0.0,0.0,0.0,0.0,0.0,0.0,0.0
94,87,35,30,70,1.0,245,14.0,66,2924,159,24059,1186,104,48,58,156,1902,25,177,55,14.0,288,23.0,1372,61,345,17.0,26,44,41,41,3.0,3.0,0.0,3.0,283,90,1.0,1.0,376,3.0,219,121,1435,0.0,42,23.0,133,37,23.0,59,49,310,4214,13057,76,109,129,22550,54474,2782,2023-01-14,0,0,0,1,0.0,0,1.0,0,5,0,206,4,0,0,1,0,4,0,0,0,0.0,0,0.0,2,0,8,0.0,0,0,0,0,0.0,0.0,0.0,0.0,0,0,0.0,0.0,0,0.0,1,0,0,0.0,0,0.0,0,0,0.0,0,0,1,3,2533,0,0,12,1.0,0.0,1.0,0.0,0.0,0.0,0.0,0.0,0.0,0.0,0.0,0.0,0.0,0.0
95,197,25,39,138,0.0,125,7.0,80,7569,103,50477,42172,76,47,33,130,6004,14,327,78,13.0,477,11.0,3510,30,366,9.0,19,26,23,29,1.0,8.0,3.0,0.0,753,35,2.0,10.0,180,2.0,471,137,763,3.0,23,23.0,71,44,17.0,57,57,1563,873,5933,631,117,83,51637,124017,93537,2023-06-13,80,1,2,85,0.0,73,4.0,34,5847,37,34673,39254,6,7,1,57,4773,0,193,19,1.0,196,0.0,2614,0,139,0.0,0,6,0,7,0.0,0.0,0.0,0.0,502,13,0.0,4.0,53,1.0,208,49,90,0.0,2,0.0,12,5,0.0,9,13,1355,497,2109,457,21,27,1.0,1.0,0.0,1.0,0.0,0.0,1.0,0.0,0.0,0.0,0.0,0.0,0.0,0.0
96,76,24,19,118,0.0,137,12.0,23,979,276,25511,11254,66,27,10,34,9391,20,83,55,2.0,191,6.0,11500,39,85,16.0,13,21,10,18,3.0,3.0,0.0,0.0,658,29,0.0,0.0,149,0.0,310,175,1359,0.0,16,21.0,35,19,20.0,32,11,155,3640,2163,35,201,53,30740,69103,44558,2023-05-15,30,1,0,71,0.0,60,5.0,0,563,145,13819,9899,17,3,0,3,8506,1,34,10,0.0,32,0.0,9568,0,6,0.0,0,0,0,1,0.0,1.0,0.0,0.0,499,2,0.0,0.0,63,0.0,188,101,184,0.0,1,0.0,2,0,0.0,3,1,43,19,616,12,49,0,0.0,0.0,0.0,0.0,0.0,0.0,0.0,0.0,0.0,0.0,0.0,0.0,0.0,0.0
97,290,84,57,174,0.0,154,26.0,137,13337,197,92570,9240,119,66,127,276,17269,37,441,108,19.0,512,32.0,7027,61,712,16.0,28,61,50,63,6.0,7.0,12.0,28.0,615,88,3.0,3.0,775,1.0,612,178,2562,0.0,38,38.0,163,54,30.0,322,103,1003,4481,8330,204,80,208,78331,163247,112881,2023-03-02,112,23,1,73,0.0,75,5.0,63,9759,92,66318,7129,14,15,78,52,14816,1,205,15,7.0,196,0.0,5298,7,370,0.0,0,9,4,20,0.0,1.0,8.0,22.0,332,37,0.0,0.0,439,0.0,211,67,1285,0.0,1,2.0,61,8,1.0,221,48,718,1778,2693,110,18,62,4.0,1.0,5.0,0.0,0.0,0.0,4.0,0.0,0.0,0.0,0.0,0.0,0.0,0.0
98,71,18,6,57,0.0,40,7.0,10,449,89,16327,6005,30,39,6,14,6803,7,210,23,3.0,167,2.0,3757,12,67,5.0,9,5,4,13,0.0,4.0,0.0,0.0,183,8,0.0,0.0,144,0.0,304,125,503,0.0,10,16.0,21,17,9.0,22,9,291,1916,1176,33,98,31,20954,39176,26155,2023-05-22,36,0,0,34,0.0,8,1.0,1,267,35,9895,5181,2,21,0,0,6319,1,181,4,2.0,76,0.0,3049,0,14,0.0,0,0,0,1,0.0,1.0,0.0,0.0,103,0,0.0,0.0,75,0.0,130,80,20,0.0,0,1.0,1,5,0.0,6,0,220,38,309,23,13,1,1.0,1.0,0.0,0.0,0.0,0.0,0.0,0.0,0.0,0.0,0.0,0.0,0.0,0.0
99,327,83,85,477,3.0,302,63.0,185,33052,444,131039,13484,305,78,172,389,20459,72,876,130,55.0,1185,40.0,13611,71,1261,25.0,48,65,72,137,16.0,26.0,13.0,10.0,911,97,13.0,13.0,1442,11.0,1417,321,2034,1.0,47,33.0,277,159,51.0,2881,403,1601,3657,13324,565,177,264,124327,248419,157813,2023-02-25,130,35,4,276,0.0,159,27.0,63,18943,291,89582,9803,62,8,84,174,16676,4,298,15,30.0,104,3.0,10712,6,534,7.0,0,8,24,76,1.0,1.0,10.0,1.0,504,24,2.0,2.0,980,6.0,356,168,1067,0.0,10,3.0,135,46,3.0,236,29,941,1147,3597,235,29,107,7.0,3.0,43.0,0.0,32.0,0.0,9.0,0.0,0.0,0.0,1.0,0.0,0.0,0.0
100,281,32,45,186,0.0,185,20.0,86,13317,330,96355,11210,146,62,95,733,9057,77,423,101,89.0,342,14.0,5194,68,665,20.0,33,108,40,72,8.0,27.0,11.0,6.0,365,53,4.0,11.0,1616,10.0,477,198,1761,2.0,37,40.0,252,86,54.0,154,176,2475,2495,6276,75,165,168,83154,156398,109816,2023-04-05,143,6,3,79,0.0,99,10.0,10,10545,184,69245,9492,7,5,37,381,7419,8,71,14,73.0,50,0.0,4067,1,372,0.0,0,11,3,34,0.0,6.0,7.0,1.0,176,8,0.0,0.0,1173,4.0,193,75,996,0.0,12,8.0,88,16,0.0,68,20,2148,591,1784,19,26,25,5.0,2.0,1.0,2.0,1.0,0.0,2.0,0.0,0.0,0.0,0.0,0.0,0.0,0.0
101,143,36,39,130,0.0,97,22.0,118,3404,135,24977,2550,120,63,35,143,2221,38,261,88,18.0,322,28.0,17021,58,347,26.0,23,46,33,27,6.0,4.0,0.0,6.0,294,41,4.0,9.0,257,1.0,571,110,1037,1.0,39,40.0,95,76,25.0,56,83,525,2366,5653,154,74,77,31131,64175,796,2023-02-12,0,0,0,2,0.0,9,1.0,0,2,0,627,10,0,0,0,1,4,0,0,0,0.0,0,0.0,11,0,9,0.0,0,0,0,0,0.0,0.0,0.0,0.0,0,2,0.0,0.0,0,0.0,6,1,0,0.0,0,0.0,0,0,0.0,0,0,1,0,110,0,0,0,2.0,0.0,0.0,0.0,0.0,0.0,0.0,0.0,0.0,0.0,0.0,0.0,0.0,0.0
102,135,52,41,77,0.0,87,5.0,90,2809,116,19185,1231,83,48,47,92,1947,35,172,60,7.0,181,28.0,1374,44,297,30.0,27,38,28,31,7.0,5.0,0.0,2.0,240,44,6.0,0.0,267,0.0,253,85,1025,2.0,24,32.0,98,51,22.0,82,46,314,2526,5081,51,81,128,15636,38873,455,2023-02-05,0,0,0,0,0.0,6,0.0,0,15,0,171,6,1,0,0,0,2,0,1,1,0.0,0,0.0,10,0,10,0.0,0,0,0,0,0.0,0.0,0.0,0.0,0,0,0.0,0.0,1,0.0,1,1,0,0.0,0,0.0,0,0,0.0,0,0,1,0,228,0,0,0,2.0,0.0,0.0,2.0,0.0,0.0,0.0,0.0,0.0,0.0,0.0,0.0,0.0,0.0
103,66,12,5,24,0.0,34,2.0,17,270,143,12432,4992,57,26,20,19,823,1,13,25,3.0,147,6.0,2716,12,24,5.0,1,13,7,5,1.0,0.0,0.0,0.0,40,17,0.0,0.0,136,0.0,164,111,671,0.0,10,10.0,13,8,4.0,49,7,268,1487,949,10,135,36,11762,26046,13877,2023-04-25,39,0,0,9,0.0,11,0.0,0,99,68,5822,4302,18,4,6,5,558,0,0,4,0.0,28,1.0,2093,0,6,0.0,0,3,0,1,0.0,0.0,0.0,0.0,14,0,0.0,0.0,79,0.0,57,73,204,0.0,0,0.0,0,0,0.0,10,0,136,9,172,0,46,0,0.0,0.0,0.0,0.0,0.0,0.0,0.0,0.0,0.0,0.0,0.0,0.0,0.0,0.0
104,287,50,51,169,0.0,134,31.0,89,8171,305,81008,7083,128,55,1089,287,8590,60,518,70,41.0,612,1149.0,4715,55,557,26.0,37,117,61,80,16.0,16.0,4.0,2.0,553,39,5.0,7.0,700,3.0,541,221,1959,3.0,32,43.0,224,94,46.0,1248,66,863,3520,14017,194,163,123,68847,140338,91866,2023-04-12,162,11,0,64,0.0,67,23.0,17,5903,182,53664,5482,5,3,919,157,6892,5,223,4,29.0,181,1126.0,3546,1,356,0.0,6,6,7,38,2.0,4.0,3.0,0.0,381,8,0.0,0.0,529,1.0,213,104,962,0.0,3,9.0,125,21,2.0,1177,7,567,1564,6962,79,51,10,7.0,3.0,1.0,1.0,0.0,0.0,2.0,0.0,0.0,0.0,0.0,0.0,0.0,0.0
105,249,48,63,212,1.0,252,25.0,186,7059,248,88932,11443,164,57,68,289,8231,78,563,85,15.0,420,20.0,5450,52,621,24.0,43,108,38,66,14.0,33.0,0.0,13.0,347,75,8.0,14.0,527,4.0,571,227,1867,3.0,44,28.0,196,105,39.0,136,142,1003,3202,8957,211,244,174,67063,143312,84721,2023-03-15,71,9,3,84,0.0,155,4.0,63,4292,136,55517,8948,58,2,12,32,6151,4,238,0,1.0,62,0.0,3849,7,295,0.0,1,10,5,39,0.0,18.0,0.0,5.0,88,15,0.0,0.0,311,1.0,252,118,770,1.0,13,2.0,69,16,1.0,60,2,461,786,1511,81,54,32,9.0,5.0,2.0,2.0,0.0,1.0,5.0,0.0,0.0,0.0,0.0,0.0,0.0,0.0
106,331,75,67,103,0.0,268,22.0,109,10589,282,117296,9024,254,61,112,243,10296,54,436,73,14.0,483,28.0,10337,43,1020,16.0,26,104,108,74,18.0,17.0,41.0,12.0,420,50,8.0,4.0,613,36.0,691,206,2029,2.0,81,22.0,204,74,48.0,530,158,769,4234,10349,272,220,949,92319,184018,127487,2023-03-22,166,19,3,18,0.0,177,0.0,27,7659,119,86052,6600,117,4,49,79,8209,3,118,3,2.0,94,0.0,8278,7,454,0.0,0,8,73,40,3.0,8.0,24.0,1.0,147,4,3.0,0.0,377,18.0,294,85,949,0.0,28,1.0,23,7,0.0,437,74,423,1759,3851,103,74,411,10.0,5.0,1.0,2.0,0.0,0.0,0.0,0.0,0.0,0.0,0.0,0.0,0.0,0.0
107,84,29,27,86,0.0,91,5.0,40,3086,168,39377,5971,62,47,34,77,6246,22,160,45,15.0,213,22.0,2610,48,785,27.0,21,29,81,23,3.0,0.0,0.0,1.0,201,23,0.0,1.0,169,0.0,354,150,563,0.0,26,40.0,48,63,28.0,60,44,160,363,2537,221,123,52,33390,64766,47737,2023-06-04,14,0,2,49,0.0,68,2.0,1,2092,82,30296,5184,8,4,12,27,5459,2,93,7,7.0,47,0.0,1994,0,538,0.0,0,3,59,0,3.0,0.0,0.0,0.0,59,3,0.0,1.0,66,0.0,200,66,75,0.0,1,5.0,8,31,0.0,18,10,56,76,771,202,31,3,4.0,2.0,0.0,0.0,0.0,0.0,1.0,0.0,0.0,0.0,0.0,0.0,0.0,0.0
108,98,37,58,101,0.0,72,18.0,69,1679,93,22231,1291,123,46,49,98,1845,41,212,60,6.0,253,13.0,965,69,329,25.0,40,31,32,41,7.0,9.0,0.0,4.0,211,34,9.0,19.0,174,4.0,232,121,1080,3.0,31,31.0,94,64,36.0,70,41,189,2528,4252,57,75,140,15552,39544,510,2023-01-03,1,0,0,0,0.0,0,0.0,0,0,0,282,1,1,0,0,1,0,0,2,1,0.0,2,0.0,8,0,10,0.0,0,0,0,0,0.0,0.0,0.0,0.0,0,0,0.0,0.0,0,0.0,1,2,2,0.0,0,0.0,0,0,0.0,0,0,1,0,195,0,0,0,2.0,0.0,1.0,1.0,0.0,0.0,0.0,0.0,0.0,0.0,0.0,0.0,0.0,0.0
109,71,28,33,80,0.0,61,13.0,81,2672,101,19874,1343,111,37,53,100,1638,47,228,63,8.0,239,20.0,1061,44,349,28.0,22,39,35,38,3.0,9.0,0.0,2.0,167,36,5.0,18.0,264,2.0,222,99,1083,1.0,35,22.0,78,110,25.0,62,43,205,2312,3637,113,80,200,14304,37351,787,2023-01-07,0,0,0,0,0.0,0,0.0,0,10,2,583,13,0,0,0,0,1,0,3,0,0.0,0,0.0,6,0,9,0.0,0,0,0,0,0.0,0.0,0.0,0.0,0,0,0.0,0.0,0,0.0,3,1,0,0.0,0,0.0,0,0,0.0,0,0,0,0,112,0,0,44,1.0,0.0,0.0,0.0,0.0,0.0,0.0,0.0,0.0,0.0,0.0,0.0,0.0,0.0
110,89,46,47,79,0.0,88,3.0,83,3237,161,21587,1340,76,63,60,241,2328,36,204,60,20.0,243,15.0,1866,45,272,24.0,36,34,49,42,6.0,14.0,1.0,4.0,248,45,6.0,8.0,260,4.0,220,106,1069,2.0,28,23.0,117,57,41.0,73,46,334,2333,3910,60,78,137,17089,41704,284,2023-01-30,0,0,0,0,0.0,9,0.0,0,5,0,125,5,1,0,0,1,2,0,0,0,0.0,1,0.0,2,0,5,0.0,0,0,0,0,0.0,0.0,0.0,0.0,0,0,0.0,0.0,1,0.0,5,1,1,0.0,0,0.0,0,0,0.0,0,3,1,0,116,0,0,0,0.0,0.0,0.0,0.0,0.0,0.0,0.0,0.0,0.0,0.0,0.0,0.0,0.0,0.0
111,181,45,60,95,1.0,115,16.0,104,3156,150,25912,2115,117,41,69,176,2283,67,524,67,13.0,486,18.0,2131,59,450,45.0,47,32,31,35,21.0,20.0,1.0,11.0,283,46,11.0,10.0,372,8.0,355,138,1324,3.0,25,28.0,95,106,54.0,115,108,520,2322,4960,193,81,118,22015,49975,300,2023-01-18,0,0,0,0,0.0,8,0.0,0,3,1,146,18,1,0,0,0,3,0,4,0,0.0,0,0.0,5,0,5,0.0,0,0,0,0,0.0,0.0,0.0,0.0,1,0,0.0,0.0,0,0.0,4,2,2,0.0,0,0.0,0,0,0.0,1,0,0,1,95,0,0,0,2.0,0.0,3.0,1.0,0.0,0.0,0.0,0.0,0.0,0.0,0.0,0.0,0.0,0.0
112,5,6,6,9,0.0,30,2.0,2,112,14,1949,4358,7,12,2,3,352,1,18,7,1.0,30,4.0,690,5,20,2.0,1,4,1,5,3.0,0.0,0.0,1.0,21,2,0.0,0.0,29,0.0,50,12,391,0.0,7,5.0,12,4,5.0,26,4,22,1496,331,14,5,17,5876,10118,6247,2023-05-31,1,1,0,1,0.0,8,0.0,0,36,7,1147,4055,0,6,0,0,291,0,10,0,1.0,9,0.0,541,0,0,0.0,0,0,0,0,2.0,0.0,0.0,0.0,5,0,0.0,0.0,0,0.0,32,1,5,0.0,2,0.0,5,0,0.0,6,0,2,4,56,9,0,1,3.0,3.0,0.0,0.0,0.0,0.0,0.0,0.0,0.0,0.0,0.0,0.0,0.0,0.0
113,177,55,43,233,0.0,194,21.0,89,5819,285,67837,6320,210,53,56,350,9261,38,284,71,16.0,404,24.0,4401,57,860,27.0,27,45,50,64,5.0,11.0,6.0,10.0,335,63,6.0,3.0,371,6.0,539,367,1597,2.0,39,43.0,122,91,44.0,218,62,495,2821,6667,111,199,108,49734,111719,72310,2023-03-11,69,15,2,88,0.0,114,6.0,30,3828,167,45514,5041,96,6,5,164,7454,0,111,13,3.0,120,0.0,3290,4,603,2.0,4,4,12,41,0.0,2.0,4.0,0.0,180,21,0.0,0.0,172,3.0,263,258,655,0.0,7,12.0,28,34,0.0,150,6,318,839,2386,66,67,31,0.0,0.0,0.0,0.0,0.0,0.0,4.0,0.0,3.0,2.0,0.0,0.0,0.0,0.0
114,194,45,51,193,1.0,163,22.0,135,6910,295,82839,7743,400,50,153,266,10364,31,377,53,7.0,544,26.0,6641,56,1045,25.0,25,77,39,33,13.0,10.0,8.0,10.0,219,55,3.0,13.0,364,4.0,589,246,1813,0.0,63,33.0,119,68,40.0,116,124,633,2713,6505,163,259,134,62930,133130,90665,2023-03-26,88,10,2,99,0.0,101,8.0,38,4733,173,58616,6173,297,1,87,122,8742,0,141,1,1.0,225,1.0,5321,0,653,0.0,0,9,3,7,1.0,5.0,5.0,0.0,36,8,0.0,0.0,188,3.0,243,137,1041,0.0,10,5.0,17,1,1.0,39,29,361,655,2033,67,112,12,7.0,4.0,0.0,2.0,0.0,0.0,1.0,0.0,0.0,0.0,0.0,0.0,0.0,0.0
115,131,31,31,304,0.0,147,29.0,98,5887,273,66775,5625,146,42,40,244,6635,37,355,72,18.0,290,27.0,3521,55,529,20.0,26,107,44,46,7.0,3.0,0.0,3.0,253,48,4.0,4.0,390,3.0,645,80,1537,2.0,33,24.0,163,35,30.0,173,51,264,2506,4645,74,210,153,52081,102929,72463,2023-04-09,46,0,1,233,0.0,91,18.0,9,4178,173,50154,4433,18,0,3,138,5498,0,224,1,9.0,65,1.0,2761,1,307,0.0,0,9,4,21,1.0,0.0,0.0,2.0,101,9,0.0,0.0,284,2.0,390,20,781,0.0,2,0.0,79,8,0.0,119,5,96,672,1351,36,89,20,3.0,0.0,0.0,1.0,0.0,0.0,0.0,0.0,0.0,0.0,0.0,0.0,0.0,0.0
116,60,22,23,123,0.0,110,9.0,52,1588,167,17914,9940,95,31,38,31,1363,33,106,58,4.0,196,15.0,1981,34,129,17.0,22,28,25,26,6.0,2.0,0.0,1.0,179,37,0.0,2.0,76,1.0,220,96,976,0.0,16,24.0,55,30,14.0,51,36,101,1609,2442,25,167,56,17835,40466,14853,2023-04-21,7,0,0,52,0.0,34,0.0,1,314,55,3332,8811,5,0,0,0,426,0,4,4,0.0,15,0.0,1222,0,1,0.0,0,0,0,1,0.0,0.0,0.0,0.0,72,0,0.0,0.0,11,0.0,33,10,145,0.0,3,0.0,1,0,0.0,9,1,15,7,224,4,34,0,2.0,0.0,0.0,1.0,0.0,0.0,1.0,0.0,0.0,0.0,0.0,0.0,0.0,0.0
117,116,45,45,68,0.0,97,10.0,94,3040,145,21954,1435,80,39,30,146,2314,20,137,76,19.0,265,14.0,1734,54,308,23.0,23,44,68,41,2.0,4.0,1.0,4.0,232,51,0.0,0.0,307,0.0,269,97,1073,0.0,35,30.0,175,41,20.0,118,82,320,2780,4964,82,63,104,17910,43342,625,2023-02-01,0,0,0,0,0.0,9,0.0,0,8,0,261,8,0,0,0,0,3,0,0,0,0.0,1,0.0,4,0,6,0.0,0,0,0,0,0.0,0.0,0.0,0.0,0,0,0.0,0.0,0,0.0,1,1,1,0.0,0,0.0,0,0,0.0,0,1,1,1,318,0,1,0,4.0,0.0,0.0,0.0,0.0,0.0,0.0,0.0,0.0,0.0,0.0,0.0,0.0,0.0
118,219,55,29,215,0.0,161,17.0,60,7003,236,63693,6547,130,60,55,418,6570,22,100,76,15.0,288,33.0,6036,53,684,23.0,27,91,30,48,4.0,2.0,0.0,0.0,376,79,1.0,6.0,499,2.0,633,181,1817,2.0,61,27.0,72,57,37.0,87,59,234,2844,7334,65,195,141,49751,107823,72104,2023-04-16,126,25,0,123,0.0,79,4.0,10,5136,127,44739,4329,36,0,3,265,5293,0,24,5,8.0,35,0.0,4994,1,411,0.0,0,8,1,16,0.0,0.0,0.0,0.0,193,50,0.0,2.0,333,0.0,261,75,1071,1.0,25,4.0,6,14,0.0,36,19,114,1074,2938,15,59,9,12.0,7.0,1.0,0.0,0.0,0.0,1.0,0.0,0.0,0.0,0.0,0.0,0.0,0.0
119,387,36,43,125,0.0,101,10.0,78,3793,140,25414,1756,98,42,64,186,2946,52,266,83,17.0,806,34.0,1786,47,388,23.0,29,46,39,35,7.0,7.0,0.0,6.0,264,61,3.0,17.0,255,3.0,337,100,984,0.0,30,30.0,142,48,18.0,70,72,282,2256,6400,146,118,208,20107,50743,595,2023-02-19,39,0,0,0,0.0,9,0.0,0,6,0,261,11,1,0,0,0,3,0,0,0,0.0,0,0.0,0,0,5,0.0,0,0,0,0,0.0,0.0,0.0,0.0,0,0,0.0,0.0,0,0.0,4,1,0,0.0,0,0.0,0,0,0.0,0,0,1,0,253,0,0,1,0.0,0.0,0.0,0.0,0.0,0.0,9.0,0.0,0.0,0.0,0.0,0.0,0.0,0.0
120,305,79,73,142,0.0,320,20.0,137,6809,192,91147,8639,270,43,109,241,8653,64,539,89,17.0,435,20.0,5364,53,715,27.0,31,130,45,62,15.0,39.0,2.0,3.0,223,82,5.0,26.0,654,3.0,524,578,2935,4.0,84,36.0,136,105,42.0,138,102,1564,2817,8086,452,194,123,67110,143761,91627,2023-03-16,129,22,6,49,0.0,226,3.0,59,4361,80,60211,6792,152,1,43,48,6707,7,167,5,2.0,70,0.0,4073,4,339,1.0,0,8,12,15,0.0,17.0,0.0,0.0,78,12,0.0,0.0,447,0.0,268,466,1937,2.0,44,0.0,23,32,2.0,52,8,1028,889,2487,149,67,15,14.0,11.0,1.0,0.0,0.0,0.0,3.0,1.0,0.0,0.0,0.0,0.0,1.0,0.0
121,323,57,56,295,0.0,398,13.0,100,9772,358,108502,11249,385,45,97,241,10632,80,1174,110,33.0,650,31.0,11110,55,1970,28.0,40,82,34,69,13.0,33.0,53.0,17.0,456,75,4.0,17.0,781,58.0,768,358,2118,5.0,44,29.0,145,101,42.0,217,264,1560,3313,7621,1475,208,1706,86952,179487,117478,2023-03-21,80,10,1,170,0.0,312,3.0,29,6826,199,74041,8449,233,4,27,77,8529,2,286,24,19.0,109,2.0,8902,0,1352,4.0,1,14,7,34,0.0,8.0,43.0,3.0,185,14,0.0,3.0,505,16.0,270,193,1095,1.0,9,1.0,35,15,5.0,134,59,742,1214,1867,121,60,1127,8.0,4.0,0.0,6.0,0.0,3.0,3.0,0.0,0.0,0.0,0.0,0.0,0.0,0.0
122,15,10,15,13,0.0,42,3.0,12,136,29,4935,3996,34,18,8,10,3146,4,23,18,4.0,65,8.0,1985,12,50,9.0,3,11,10,5,0.0,0.0,0.0,0.0,41,12,0.0,0.0,84,0.0,122,70,451,0.0,3,10.0,5,6,4.0,21,11,96,1680,613,5,43,24,10694,17930,11546,2023-05-29,2,0,1,4,0.0,10,0.0,2,45,7,3077,3435,4,3,0,0,2966,0,5,6,0.0,6,0.0,1585,0,9,0.0,0,1,2,0,0.0,0.0,0.0,0.0,11,0,0.0,0.0,64,0.0,19,34,30,0.0,0,0.0,0,0,0.0,4,2,41,23,134,0,14,0,0.0,0.0,0.0,0.0,0.0,0.0,0.0,0.0,0.0,0.0,0.0,0.0,0.0,0.0
123,327,112,66,855,0.0,195,17.0,95,9342,281,98273,11227,208,54,86,332,10111,42,327,230,17.0,492,30.0,8061,66,1250,35.0,30,78,57,83,6.0,11.0,14.0,5.0,600,152,7.0,8.0,547,5.0,622,621,1876,2.0,49,44.0,180,53,31.0,269,67,709,4208,10652,196,149,156,72502,163629,107626,2023-03-09,97,64,0,753,0.0,97,4.0,19,5832,143,68416,8872,86,4,35,113,7793,2,104,135,3.0,189,0.0,6119,2,854,8.0,1,25,4,41,0.0,5.0,12.0,0.0,289,115,3.0,0.0,260,0.0,279,449,778,0.0,17,11.0,60,15,0.0,156,12,241,1202,3773,72,32,28,2.0,2.0,1.0,3.0,0.0,0.0,5.0,0.0,0.0,0.0,0.0,0.0,0.0,0.0
124,95,11,10,44,0.0,38,2.0,11,614,156,11833,3583,34,21,17,21,1455,10,29,26,5.0,198,6.0,4007,20,33,7.0,4,8,12,12,1.0,0.0,0.0,1.0,70,11,0.0,0.0,118,0.0,185,76,624,1.0,12,7.0,14,5,7.0,60,12,229,1461,1100,13,93,46,12045,26468,14076,2023-04-26,59,1,0,16,0.0,10,0.0,2,444,72,5434,2875,3,2,0,9,1162,0,5,4,2.0,31,0.0,3044,0,5,0.0,0,1,0,0,0.0,0.0,0.0,0.0,28,1,0.0,0.0,78,0.0,93,29,192,0.0,2,0.0,1,1,0.0,8,0,152,11,260,0,33,6,0.0,0.0,0.0,0.0,0.0,0.0,0.0,0.0,0.0,0.0,0.0,0.0,0.0,0.0
125,117,43,51,105,0.0,92,17.0,78,2594,101,23808,1687,104,52,47,147,1996,30,237,60,13.0,283,26.0,6198,58,316,19.0,27,45,42,37,3.0,10.0,0.0,3.0,306,47,2.0,9.0,286,1.0,302,97,1158,2.0,28,23.0,119,44,29.0,79,68,294,2525,5390,65,82,222,21686,49628,535,2023-02-06,1,0,0,0,0.0,6,0.0,2,7,0,249,2,1,0,0,3,2,0,0,0,0.0,0,0.0,39,0,8,0.0,0,0,0,0,0.0,0.0,0.0,0.0,0,0,0.0,0.0,0,0.0,0,1,0,0.0,0,0.0,0,0,0.0,0,0,4,0,207,0,0,3,2.0,0.0,2.0,0.0,0.0,0.0,0.0,0.0,0.0,0.0,0.0,0.0,0.0,0.0
126,248,31,46,199,1.0,118,13.0,71,8791,251,73966,8550,90,51,37,150,9072,51,731,66,30.0,360,25.0,4616,59,325,24.0,38,112,31,39,8.0,8.0,3.0,2.0,304,42,2.0,7.0,644,1.0,649,173,1639,4.0,33,23.0,169,77,49.0,1313,72,393,3281,11689,91,243,163,61397,129280,86455,2023-04-11,106,3,3,119,0.0,52,0.0,6,6890,101,49910,6976,4,5,2,57,7545,3,472,0,10.0,56,0.0,3594,7,138,0.0,2,13,2,7,0.0,2.0,2.0,0.0,136,2,0.0,0.0,475,0.0,367,66,683,0.0,2,1.0,95,13,3.0,1240,17,199,848,6069,22,103,24,3.0,3.0,1.0,2.0,0.0,0.0,0.0,0.0,0.0,0.0,0.0,0.0,0.0,0.0
127,103,27,45,86,0.0,98,11.0,56,3106,72,19199,1266,83,58,57,158,2494,25,263,56,15.0,215,22.0,3207,39,272,23.0,21,35,20,36,2.0,4.0,4.0,1.0,195,41,0.0,3.0,219,3.0,292,88,880,0.0,32,27.0,113,49,24.0,63,46,291,2179,3579,53,41,121,16541,39518,287,2023-01-28,2,0,0,0,0.0,8,0.0,0,13,0,166,9,1,0,0,0,4,0,2,0,0.0,0,0.0,13,0,5,0.0,0,0,0,0,0.0,0.0,0.0,0.0,1,0,0.0,0.0,1,0.0,1,1,0,0.0,0,0.0,0,0,0.0,0,0,0,0,59,0,0,1,0.0,0.0,0.0,0.0,0.0,0.0,0.0,0.0,0.0,0.0,0.0,0.0,0.0,0.0
128,42,6,15,77,0.0,24,6.0,22,1134,34,14232,3669,40,22,15,39,1197,7,72,26,3.0,106,5.0,760,19,85,6.0,11,19,8,15,2.0,3.0,1.0,2.0,111,7,0.0,0.0,41,0.0,87,56,223,0.0,10,7.0,55,26,16.0,60,36,103,198,2118,48,26,15,15572,24970,14571,2023-06-07,9,0,1,60,0.0,10,2.0,5,534,2,8628,3293,14,1,3,11,728,1,11,6,0.0,8,0.0,459,0,7,0.0,0,0,0,0,0.0,0.0,0.0,0.0,25,1,0.0,0.0,1,0.0,13,18,65,0.0,1,0.0,25,0,0.0,35,9,36,64,456,29,0,0,0.0,0.0,1.0,0.0,0.0,0.0,2.0,0.0,0.0,0.0,0.0,0.0,0.0,0.0
129,103,30,55,79,0.0,94,7.0,41,2858,139,34280,4142,75,63,55,65,7673,34,1104,51,4.0,276,20.0,2610,64,303,19.0,30,27,66,20,5.0,16.0,0.0,1.0,207,29,32.0,7.0,126,3.0,282,85,510,0.0,35,23.0,54,440,65.0,61,26,160,371,2563,122,129,59,32339,59802,42660,2023-06-03,32,1,8,50,0.0,68,3.0,8,1932,54,25200,3545,9,8,17,20,6873,4,909,3,1.0,76,0.0,2009,0,155,0.0,0,2,30,0,3.0,4.0,0.0,0.0,79,4,21.0,5.0,33,2.0,89,14,69,0.0,3,0.0,4,386,29.0,12,1,76,100,638,40,26,5,2.0,0.0,1.0,1.0,0.0,0.0,0.0,0.0,0.0,0.0,0.0,0.0,0.0,0.0
130,112,43,41,96,1.0,66,14.0,103,1853,113,22219,1483,147,31,48,115,2035,34,240,62,5.0,268,12.0,1009,55,279,15.0,30,36,35,24,11.0,5.0,2.0,7.0,206,38,1.0,14.0,226,2.0,222,113,999,0.0,37,25.0,84,63,28.0,73,62,220,2352,3954,81,83,166,15304,39702,827,2023-01-04,2,0,0,3,0.0,0,0.0,0,3,0,579,4,1,0,0,1,14,0,3,0,0.0,0,0.0,0,0,5,0.0,0,0,2,0,0.0,0.0,0.0,0.0,0,0,0.0,0.0,2,0.0,5,0,1,0.0,0,0.0,0,0,0.0,0,0,2,1,197,0,0,2,2.0,0.0,0.0,1.0,0.0,0.0,0.0,0.0,0.0,0.0,1.0,0.0,0.0,0.0
131,138,41,49,83,0.0,87,9.0,103,3212,141,23734,1712,102,41,46,182,2324,54,525,79,18.0,371,26.0,1788,58,341,25.0,45,44,37,46,11.0,27.0,2.0,3.0,302,57,6.0,3.0,292,0.0,344,111,1090,1.0,40,29.0,146,75,41.0,84,94,432,2496,5046,170,54,228,21352,46649,353,2023-02-02,0,0,0,0,0.0,9,0.0,0,9,0,109,3,0,0,0,1,1,0,3,0,0.0,0,0.0,1,0,9,0.0,0,0,0,0,0.0,0.0,0.0,0.0,0,0,0.0,0.0,0,0.0,4,1,0,0.0,0,0.0,1,0,0.0,0,7,0,0,195,0,0,0,2.0,0.0,1.0,0.0,0.0,0.0,1.0,0.0,0.0,0.0,0.0,0.0,0.0,0.0
132,242,34,81,110,1.0,65,8.0,35,1124,172,25194,5515,496,46,87,42,1350,31,687,73,3.0,572,17.0,1851,37,134,13.0,18,27,25,18,6.0,13.0,0.0,0.0,204,57,4.0,10.0,112,9.0,347,126,758,0.0,21,20.0,38,57,51.0,179,179,330,1681,4916,348,150,71,26113,47798,12105,2023-04-22,36,6,3,26,0.0,12,0.0,0,142,69,4297,4435,3,4,2,1,382,0,5,0,0.0,9,0.0,1236,0,3,0.0,0,0,0,0,0.0,0.0,0.0,0.0,77,0,0.0,0.0,48,0.0,68,51,138,0.0,0,0.0,0,0,0.0,6,14,67,126,804,7,28,0,0.0,0.0,0.0,1.0,0.0,0.0,2.0,0.0,0.0,0.0,0.0,0.0,0.0,0.0
133,115,57,41,153,0.0,181,9.0,75,6157,181,73241,6446,116,58,55,223,5654,45,202,70,16.0,330,26.0,3412,52,497,20.0,29,81,19,42,11.0,4.0,1.0,3.0,330,60,4.0,6.0,440,0.0,479,145,1724,1.0,27,43.0,99,73,23.0,151,66,511,3065,7380,76,175,113,53099,112621,76495,2023-04-15,47,12,0,59,0.0,110,3.0,21,4550,87,52838,5019,24,10,3,122,4475,0,61,3,6.0,50,2.0,2575,3,285,0.0,1,11,0,12,1.0,0.0,0.0,0.0,169,23,0.0,0.0,275,0.0,208,76,955,0.0,9,2.0,13,10,1.0,89,4,366,1302,2501,26,65,11,4.0,0.0,2.0,0.0,0.0,0.0,2.0,0.0,0.0,0.0,0.0,0.0,0.0,0.0
134,171,41,32,244,0.0,213,20.0,71,6792,390,74072,6918,187,56,53,212,9834,30,227,92,18.0,368,27.0,4278,62,728,19.0,30,50,22,49,3.0,46.0,4.0,4.0,317,46,0.0,11.0,629,9.0,604,318,2063,0.0,36,27.0,109,55,36.0,140,81,311,3005,7056,67,223,142,54037,120661,78959,2023-03-12,52,8,1,88,0.0,92,5.0,7,4477,273,50697,5258,90,15,4,65,8090,1,63,18,7.0,58,1.0,3222,15,394,0.0,0,9,1,18,0.0,41.0,2.0,0.0,148,6,0.0,0.0,354,6.0,337,209,1125,0.0,9,1.0,20,2,0.0,84,11,106,761,2589,31,54,28,5.0,2.0,0.0,1.0,0.0,0.0,2.0,0.0,5.0,4.0,0.0,0.0,0.0,0.0
135,246,34,35,190,0.0,143,19.0,93,6713,247,83337,7180,192,102,118,146,15948,43,338,114,23.0,452,18.0,5670,51,734,29.0,27,66,36,76,12.0,18.0,3.0,5.0,273,39,3.0,8.0,515,2.0,567,181,1917,0.0,33,44.0,110,65,46.0,124,78,649,2425,6115,230,189,149,65042,136230,94111,2023-03-25,112,4,0,80,0.0,78,7.0,20,4514,122,59520,5413,73,49,43,30,14168,0,108,21,9.0,142,0.0,4345,0,365,0.0,0,9,9,38,0.0,5.0,1.0,0.0,93,10,0.0,1.0,342,1.0,265,85,1126,0.0,4,6.0,14,2,1.0,82,7,318,589,1707,100,41,30,3.0,2.0,0.0,2.0,0.0,0.0,5.0,0.0,0.0,0.0,0.0,0.0,0.0,0.0
136,258,65,49,120,0.0,124,43.0,98,8067,381,83035,6723,168,68,79,221,13164,41,388,71,7.0,390,27.0,5596,73,776,15.0,26,39,38,91,4.0,21.0,6.0,1.0,572,51,5.0,10.0,616,2.0,577,289,1822,1.0,53,31.0,150,185,41.0,230,89,383,3428,6799,82,133,253,65483,136083,93056,2023-03-05,93,20,0,26,0.0,36,20.0,29,5324,269,59778,5152,73,19,24,52,11306,1,170,9,2.0,109,0.0,4306,16,319,0.0,0,5,1,59,0.0,7.0,5.0,0.0,295,10,0.0,0.0,326,0.0,306,162,883,0.0,21,4.0,48,113,8.0,157,17,144,964,2236,24,60,47,2.0,1.0,0.0,0.0,0.0,0.0,6.0,0.0,0.0,0.0,0.0,0.0,0.0,0.0
137,36,13,13,33,0.0,46,2.0,9,307,44,8039,5961,31,50,13,11,754,8,37,15,1.0,140,5.0,1975,21,40,7.0,10,12,7,11,0.0,4.0,0.0,0.0,49,9,0.0,0.0,58,0.0,128,61,422,0.0,4,6.0,14,6,4.0,24,10,69,1832,629,11,79,18,10499,21088,12426,2023-05-25,16,0,1,19,0.0,12,0.0,1,170,13,4395,5213,2,28,0,3,569,0,15,0,0.0,41,0.0,1488,0,8,0.0,0,1,0,0,0.0,2.0,0.0,0.0,19,0,0.0,0.0,23,0.0,80,20,4,0.0,0,0.0,1,0,0.0,5,0,26,14,218,1,17,1,0.0,0.0,0.0,0.0,0.0,0.0,0.0,0.0,0.0,0.0,0.0,0.0,0.0,0.0
138,289,48,80,194,0.0,145,23.0,129,5657,187,50705,5063,120,62,132,202,4296,84,608,106,17.0,913,18.0,4042,54,1853,20.0,37,2406,53,46,16.0,15.0,10.0,9.0,443,52,5.0,14.0,772,8.0,800,158,1334,3.0,40,30.0,132,106,48.0,811,303,728,2341,8546,628,102,248,43900,95300,2436,2023-02-22,2,0,0,1,0.0,7,0.0,0,17,0,2057,18,0,0,2,0,4,0,4,1,0.0,2,0.0,6,0,8,0.0,0,3,0,0,0.0,0.0,0.0,0.0,1,0,0.0,0.0,4,0.0,2,3,2,0.0,0,0.0,0,0,0.0,6,0,0,1,283,2,0,0,3.0,0.0,2.0,1.0,0.0,0.0,3.0,0.0,0.0,0.0,0.0,0.0,0.0,0.0
139,304,38,39,142,0.0,179,9.0,88,9026,203,86920,8025,136,37,71,173,8969,80,273,74,8.0,356,32.0,5086,65,944,25.0,26,116,61,26,5.0,10.0,0.0,7.0,206,51,7.0,14.0,479,2.0,549,156,1708,0.0,24,36.0,95,59,36.0,138,43,318,2781,6987,233,178,125,62758,135780,95450,2023-04-02,139,2,2,41,0.0,104,1.0,14,6988,102,64670,6014,33,0,14,35,7508,3,90,5,0.0,80,0.0,3989,8,547,3.0,4,11,24,6,0.0,0.0,0.0,1.0,43,9,0.0,4.0,290,0.0,265,61,928,0.0,5,0.0,20,1,1.0,68,2,117,911,2084,131,53,18,2.0,1.0,0.0,0.0,0.0,0.0,0.0,0.0,0.0,0.0,0.0,0.0,0.0,0.0
140,159,62,55,97,1.0,120,15.0,87,4329,168,27173,2128,112,50,61,193,2320,63,428,81,17.0,299,29.0,1967,38,346,13.0,45,63,38,30,9.0,21.0,0.0,1.0,216,46,2.0,24.0,320,3.0,390,119,1178,2.0,32,25.0,89,65,37.0,59,56,327,2452,5102,144,92,109,21451,51512,431,2023-02-15,1,0,0,0,0.0,9,0.0,0,20,0,179,2,2,0,0,1,6,0,1,0,0.0,0,0.0,6,0,7,0.0,0,0,0,0,0.0,0.0,0.0,0.0,0,0,0.0,0.0,0,0.0,4,2,0,0.0,0,0.0,0,0,0.0,0,0,0,0,190,0,1,0,3.0,0.0,0.0,1.0,0.0,0.0,1.0,0.0,0.0,0.0,0.0,0.0,0.0,0.0
141,196,52,52,104,1.0,102,18.0,110,8550,191,26324,2145,101,63,51,385,2943,24,192,90,13.0,264,23.0,2367,46,457,26.0,23,35,43,38,2.0,5.0,5.0,7.0,430,56,0.0,7.0,393,2.0,383,123,1194,0.0,23,27.0,243,39,22.0,79,57,597,2705,4885,96,74,95,25209,56581,473,2023-01-24,9,0,0,0,0.0,10,0.0,0,39,0,269,4,1,0,0,1,14,0,0,12,0.0,0,0.0,4,0,6,0.0,0,0,0,0,0.0,0.0,0.0,0.0,0,0,0.0,0.0,0,0.0,5,1,0,0.0,0,0.0,3,0,0.0,0,0,0,13,82,0,0,0,2.0,0.0,0.0,0.0,0.0,0.0,0.0,0.0,0.0,0.0,0.0,0.0,1.0,0.0
142,1512,32,32,72,10.0,54,15.0,65,2314,95,20179,1240,101,62,12140,141,1618,28,121,94,12.0,256,17.0,1199,50,263,30.0,19,26,42,36,4.0,3.0,2.0,2.0,182,41,0.0,1.0,229,2.0,218,114,1043,1.0,38,23.0,157,37,32.0,70,46,252,2654,7721,35,85,88,20388,54960,2742,2023-01-13,113,0,0,0,0.0,0,0.0,1,1,0,510,5,0,1,302,2,9,0,1,0,0.0,0,0.0,2,0,4,0.0,0,0,0,0,0.0,0.0,0.0,0.0,0,0,0.0,0.0,0,0.0,2,0,0,0.0,0,0.0,0,0,0.0,0,0,0,12,1777,0,0,0,2.0,0.0,1.0,2.0,0.0,0.0,0.0,0.0,0.0,0.0,0.0,0.0,0.0,0.0
143,48,8,13,39,0.0,40,6.0,23,3558,96,25561,33551,11,4,16,48,3376,6,140,17,7.0,75,0.0,1846,4,207,0.0,2,9,11,6,2.0,2.0,3.0,1.0,371,22,0.0,1.0,135,0.0,496,71,690,6.0,3,6.0,61,27,3.0,28,9,366,343,4538,101,128,35,30289,76194,58189,2023-06-14,9,0,2,21,0.0,16,1.0,11,2576,36,16704,31046,2,4,7,15,2715,0,62,7,2.0,33,0.0,1378,0,75,0.0,0,0,2,0,0.0,0.0,0.0,0.0,244,3,0.0,0.0,52,0.0,361,24,112,0.0,2,2.0,9,19,0.0,12,1,196,99,2221,66,21,12,10.0,5.0,1.0,1.0,0.0,0.0,1.0,0.0,0.0,0.0,0.0,0.0,5.0,4.0
144,162,27,37,53,0.0,131,9.0,40,4979,169,51919,6887,94,45,52,56,6591,36,174,60,5.0,240,20.0,4801,51,633,22.0,23,29,37,31,2.0,7.0,12.0,0.0,271,39,1.0,1.0,164,0.0,357,120,646,2.0,32,20.0,97,46,28.0,124,41,371,803,4394,81,217,78,42699,85368,62457,2023-06-10,73,3,3,19,0.0,89,3.0,5,3647,66,39773,6067,29,8,14,6,5579,1,86,13,1.0,32,0.0,4032,0,411,0.0,0,3,2,8,0.0,0.0,11.0,0.0,115,8,0.0,0.0,60,0.0,211,41,159,0.0,8,1.0,29,1,0.0,39,2,174,333,1166,41,70,15,0.0,0.0,0.0,0.0,0.0,0.0,1.0,0.0,0.0,0.0,0.0,0.0,0.0,0.0
145,118,39,34,62,0.0,67,13.0,67,2496,97,16123,1059,103,42,62,114,1412,22,155,56,6.0,220,19.0,1024,41,250,22.0,24,36,27,48,1.0,5.0,1.0,4.0,159,34,2.0,7.0,226,0.0,199,87,957,0.0,30,40.0,119,26,28.0,63,46,311,2246,3262,97,91,143,12831,32046,259,2023-01-08,0,0,0,0,0.0,0,0.0,0,1,0,122,6,1,0,0,0,4,0,0,0,0.0,0,0.0,1,0,7,0.0,0,0,0,0,0.0,0.0,0.0,0.0,0,0,0.0,0.0,0,0.0,1,0,0,0.0,0,0.0,0,0,0.0,0,0,0,10,73,0,0,33,2.0,0.0,0.0,2.0,0.0,0.0,0.0,0.0,0.0,0.0,0.0,0.0,0.0,0.0
146,94,43,54,100,0.0,108,15.0,112,6963,92,24826,1639,105,54,59,179,2495,43,220,74,4.0,237,33.0,1726,51,299,39.0,30,34,51,44,9.0,8.0,0.0,5.0,406,57,2.0,5.0,439,1.0,230,87,1035,0.0,27,23.0,115,56,39.0,69,71,404,2496,4906,139,75,176,20423,50707,457,2023-01-20,0,0,0,0,0.0,9,0.0,0,42,0,188,2,0,0,0,0,1,0,0,1,0.0,0,0.0,7,0,9,0.0,0,0,0,0,0.0,0.0,0.0,0.0,0,0,0.0,0.0,0,0.0,9,1,0,0.0,0,0.0,0,0,0.0,0,0,3,0,144,0,0,41,2.0,0.0,1.0,1.0,0.0,0.0,0.0,0.0,0.0,0.0,0.0,0.0,0.0,0.0
147,88,39,42,89,1.0,89,13.0,78,2631,121,22275,1442,88,45,58,154,1930,29,199,43,14.0,256,17.0,1450,53,314,15.0,33,32,38,27,9.0,9.0,3.0,1.0,251,55,5.0,4.0,341,2.0,270,111,1144,1.0,21,23.0,119,46,25.0,89,68,280,2716,5027,132,92,205,17063,42755,366,2023-01-17,0,0,0,0,0.0,9,0.0,0,5,0,146,4,1,0,0,0,1,0,0,0,0.0,1,0.0,0,0,8,0.0,0,0,0,0,0.0,0.0,0.0,0.0,0,0,0.0,0.0,0,0.0,5,1,0,0.0,0,0.0,0,0,0.0,0,0,0,2,134,0,0,49,1.0,0.0,1.0,1.0,0.0,0.0,0.0,0.0,0.0,0.0,0.0,0.0,0.0,0.0
148,301,43,43,123,0.0,102,7.0,73,10232,320,80311,8387,203,49,55,329,13538,63,351,105,89.0,374,26.0,4553,58,1017,22.0,28,118,38,92,9.0,22.0,1.0,11.0,514,52,3.0,10.0,1038,6.0,506,202,1476,5.0,40,35.0,156,85,35.0,212,82,801,2666,6436,151,202,468,68520,136284,87660,2023-04-06,133,8,3,36,0.0,33,1.0,16,7763,184,51580,6250,82,0,1,119,11627,4,80,31,79.0,62,0.0,3477,0,689,0.0,2,29,3,48,0.0,1.0,0.0,2.0,275,11,0.0,0.0,803,2.0,194,76,708,1.0,5,1.0,38,3,1.0,136,14,505,663,1677,42,46,114,1.0,0.0,1.0,2.0,0.0,0.0,6.0,2.0,0.0,0.0,0.0,0.0,0.0,0.0
149,304,59,47,342,1.0,250,28.0,166,20624,417,115486,12629,215,70,114,343,20577,54,1057,81,27.0,481,27.0,14680,55,1086,35.0,21,56,49,79,9.0,17.0,6.0,7.0,857,69,1.0,6.0,2487,5.0,1011,284,2158,0.0,49,44.0,219,42,35.0,363,75,1083,3853,10437,289,149,294,105552,213350,154845,2023-02-26,127,6,3,184,0.0,154,7.0,46,15008,263,86697,9819,91,22,47,153,17521,2,866,7,11.0,169,1.0,12379,5,553,2.0,0,9,11,36,0.0,0.0,6.0,1.0,537,8,0.0,0.0,2108,2.0,479,151,952,0.0,12,5.0,75,3,3.0,272,14,683,1366,3608,199,50,81,20.0,16.0,16.0,0.0,15.0,0.0,5.0,0.0,0.0,0.0,0.0,0.0,0.0,0.0
150,34,9,12,70,0.0,25,3.0,18,419,147,13642,9334,38,18,10,19,2004,3,40,13,0.0,149,8.0,2746,14,61,8.0,2,13,10,7,0.0,0.0,0.0,1.0,157,7,0.0,0.0,110,2.0,100,117,578,0.0,5,11.0,23,7,11.0,175,14,74,2041,1151,13,132,25,17334,33630,21118,2023-05-09,11,0,0,36,0.0,2,0.0,0,181,67,7827,8181,2,4,0,5,1621,0,12,0,0.0,66,0.0,1963,0,3,1.0,0,0,0,0,0.0,0.0,0.0,0.0,78,0,0.0,0.0,56,2.0,35,67,87,0.0,0,0.0,5,0,0.0,142,1,19,170,450,3,19,2,0.0,0.0,0.0,0.0,0.0,0.0,0.0,0.0,0.0,0.0,0.0,0.0,0.0,0.0
151,461,49,61,184,1.0,172,29.0,84,7901,333,84119,8539,177,56,139,264,8980,44,383,120,23.0,627,18.0,5750,52,711,20.0,27,121,45,59,6.0,9.0,7.0,5.0,423,362,3.0,14.0,449,11.0,588,235,1849,1.0,145,43.0,128,63,39.0,158,120,1052,3325,7139,540,201,136,66548,136614,85733,2023-03-29,221,12,1,65,1.0,76,12.0,20,5534,196,54928,6554,53,2,56,56,7020,5,97,33,5.0,152,0.0,4416,2,332,0.0,2,17,1,12,1.0,1.0,2.0,2.0,228,307,0.0,0.0,254,3.0,207,108,995,0.0,94,9.0,16,5,0.0,66,21,448,1183,1654,160,58,27,7.0,3.0,1.0,2.0,0.0,0.0,4.0,0.0,0.0,0.0,0.0,0.0,0.0,0.0
152,135,50,36,84,1.0,96,20.0,73,4225,98,23658,1829,104,68,58,138,2268,51,323,64,16.0,329,18.0,1754,51,320,22.0,30,48,26,31,15.0,10.0,1.0,1.0,306,53,3.0,6.0,275,6.0,338,87,1246,2.0,33,41.0,96,88,41.0,63,106,658,2187,5455,191,94,115,20295,47546,843,2023-02-11,0,0,0,1,0.0,9,0.0,0,7,0,632,9,2,0,0,1,2,0,1,0,0.0,3,0.0,2,0,7,0.0,0,0,0,0,0.0,0.0,0.0,0.0,1,0,0.0,0.0,1,0.0,0,1,1,0.0,0,0.0,0,0,0.0,0,5,6,0,152,0,0,0,0.0,0.0,1.0,2.0,0.0,0.0,2.0,0.0,0.0,0.0,0.0,0.0,0.0,0.0
153,81,28,24,82,0.0,51,4.0,43,1365,96,20340,7266,68,45,33,78,1856,27,68,51,7.0,243,9.0,2185,34,115,17.0,29,46,12,19,0.0,2.0,0.0,1.0,261,29,1.0,1.0,157,1.0,353,129,969,0.0,25,22.0,48,26,23.0,59,33,130,1784,2599,46,219,69,19818,41311,14901,2023-04-19,2,0,0,34,0.0,9,0.0,0,370,16,4817,6117,2,2,0,28,927,0,0,0,0.0,24,0.0,1504,0,1,0.0,0,0,0,0,0.0,0.0,0.0,0.0,160,0,0.0,0.0,64,0.0,104,27,220,0.0,2,0.0,2,1,0.0,14,0,21,10,378,1,42,2,0.0,0.0,0.0,0.0,0.0,0.0,2.0,0.0,0.0,0.0,0.0,0.0,0.0,0.0
154,81,12,15,116,0.0,39,4.0,34,1145,155,19518,6085,53,72,13,17,14374,8,271,29,2.0,226,7.0,3633,13,105,5.0,10,13,10,18,3.0,7.0,0.0,2.0,316,10,2.0,0.0,156,1.0,458,83,449,0.0,8,9.0,25,21,15.0,27,34,657,1951,1640,62,80,33,28191,52147,37351,2023-05-21,48,0,0,81,0.0,12,0.0,12,829,77,12273,5366,3,40,2,2,13539,3,163,8,0.0,24,0.0,2900,0,17,0.0,0,4,0,0,0.0,6.0,0.0,0.0,161,0,1.0,0.0,83,0.0,260,56,18,0.0,0,0.0,1,4,3.0,11,15,533,129,606,32,16,2,15.0,11.0,0.0,0.0,0.0,0.0,0.0,0.0,0.0,0.0,0.0,0.0,0.0,0.0
155,265,41,53,283,2.0,157,29.0,149,11474,314,88363,11679,144,71,51,494,13733,45,378,66,24.0,481,23.0,7326,36,768,26.0,53,72,34,51,7.0,9.0,15.0,17.0,724,48,3.0,3.0,682,3.0,576,177,1686,9.0,38,34.0,137,83,26.0,421,127,998,3870,7784,137,109,294,73354,154714,103970,2023-03-01,107,2,0,168,2.0,80,14.0,65,8292,192,60780,9348,41,2,9,119,11398,2,127,1,3.0,142,0.0,5597,3,416,0.0,8,22,2,11,0.0,1.0,8.0,14.0,385,3,0.0,0.0,373,0.0,172,66,668,4.0,9,0.0,29,19,0.0,328,36,728,1396,2529,67,22,157,6.0,3.0,0.0,0.0,0.0,0.0,6.0,0.0,0.0,0.0,0.0,0.0,0.0,0.0
